ID,kashmiri_text
1,سۄ ٲس اکھ حقیقی دور اندیش۔
2,بہٕ چُھس پرٛیتھ دۄہ سکول گژھان۔
3,تہۍ چھو وقت ضایع کرن وول۔
4,تٔمۍ اوس سُہ پنٛنہِ جوشہٕ سان مُتٲثِر کوٚرمُت۔
5,کٲنٛسہِ تہِ چُھنہٕ پے سُہ کتہِ پیٹھٕ چُھ آمُت۔
6,یِم چھِ انسٲنی فطرتٕکۍ کینٛہہ حقیقت۔
7,تِمن پزِ رجحان آسن تہٕ حقیقی مقصد آسُن۔
8,تہۍ کتھ کٔنۍ ہیٚکو أمس یتھ کٔنۍ ژلنہٕ دتھ؟
9,یہ چھ مسک لاک۔
10,تمس چھ عظیم اقدار۔
11,سۄ ٲس گُلابی کیپس منٛز خوبصورت باسان۔
12,أمِس چھُ اَکھ کَمرٕ یَتھ مَنٛز اَکھ بیڈ چھُ۔
13,ساروِی کھوتہٕ نزدیٖک پوسٹ آفِس کَتہِ چھُ؟
14,أمۍ سٕنٛد کمرک شیٹٕر اوس خوبصورت۔
15,بہٕ چُھس تۄہہِ یقین دِوان زِ کٲم یِیہ کرنہٕ۔
16,یہِ اصول چھُنہٕ وۄنۍ عملس منٛز۔
17,یہِ چھُ زنانَن ہٕنٛدؠن مسلَن پؠٹھ سونچَس اپ ڈیٹ کرنُک وقت۔
18,اغوا کرن والؠو کٔر أمۍ سٕنٛدس خانٛدانس نش ₹1 تاوان حٲصل۔
19,سٹورک چھ حرکت کرن شروع کران۔
20,أمس اوس شہرس منٛز اکھ فوج۔
21,سۄ چھےٚ پانٛژھ فٗٹ تھٔد۔
22,مےٚ کٔر میچ زیننہٕ خٲطرٕ پننہِ سطحٕچ بہترین کوُشش۔
23,سۄ ٲس نہٕ یُن یَژھان۔
24,کٗمبٗک جاداد آو بٲگراونہٕ۔
25,أمس چھِ صحیح پٲٹھۍ خدمت کران، سۄ چھےٚ مستقبلٕچ ملکہ۔
26,ڈاکٹرن کڑ أمۍ سنٛد مثانہ۔
27,سۄ چھےٚ گُرۍ یَس سۭتۍ بے رحمی سان برتاو کران۔
28,سُہٕ گٲی شہرٕ پیٹھہٕ پرواز۔
29,أمۍ سنٛد کردار اوس مزاحیہ تہٕ مضحکہ خیز۔
30,طٲلب علمن چُھ ہوٹل خالی کرنوان۔
31,تٔمۍ کٔرۍ اکھ اولاد پٲدٕ یۄسہٕ نر ٲس۔
32,أمس چھ اکھ بہترین سوئنگ۔
33,مسلہٕ حل کرن وول چھُنہٕ مسلک تعین کرنَس منٛز ناکام۔
34,سُہ چھُ جنگلس منٛز اژنہٕ برٛونٛہہ واریاہ وتہٕ پار کران۔
35,آتش فِشاں سرگرمی چھُ پانژن اہم قسمن ہُند۔
36,سُہ چھُ پنٕنۍ کتھ ثٲبِت کرنٕچ کوٗشش کران۔
37,مہربٲنی کٔرِتھ تھٲیِو پنُن باتھ روم صحت منٛد۔
38,سکول گژھنہٕ برٛونٛہہ کٔرِو پنٕنۍ بوٹھ اصل پٲٹھۍ پالش۔
39,تِمن پزِ گۄڈٕ زخمن پیٹھ ڈریسنگ لگاوٕنۍ۔
40,أمۍ سٕنٛز ساروٕے کھۄتہٕ بٔڑ طاقت چِھ أمۍ سٕنٛز ادراک۔
41,مےٚ چھُ حکامن سۭتۍ گرٕ پیٹھٕ کٲم کرنُک انتظام کوٚرمُت۔
42,وٗنکینس چھٗ سٗہ بیرونی مٗلکن منٛز کٲم کران۔
43,کٕنٕک کٔڑِو اصل پٲٹھۍ۔
44,أمس لڑکس مہ لگٲیو سٕژہ۔
45,بہٕ ہیٚکہٕ نہٕ بوزِتھ تِم کیا چھ ونان تِکیازِ تِم ٲسۍ پھسرٲوِتھ۔
46,تِمَو کٔرۍ پنٕنۍ مطالبات زور شور سان پیش۔
47,فلمہِ ہنٛز آواز تہٕ تصویر گژھِ ہم آہنگ آسنٕچ ضروُرت۔
48,أمۍ سُنٛد رنگ چُھ سفید۔
49,اَسہِ وُچھ باغَس مَنٛز اَکھ کچھوٕ۔
50,أسۍ چھ أکس خوبصورت ولا ہس منٛز روزان۔
51,بہٕ گوس نہٕ صِرف مایوس بِلکہ گوس بالکُل تباہ۔
52,تٔمۍ کوٚر یہِ بحران اصل پٲٹھۍ برداشت۔
53,اسہِ ہیکہِ اضٲفی سامانہٕ تہِ نِنٕچ ضرورت پیتھ۔
54,مےٚ چھُ اَکھ شاندار خَیال۔
55,پینَس لگٲیِو تیلہٕ سۭتہِ چَڑھایہِ۔
56,گامٕکۍ لوٗکھ ٲسۍ رہنُما سٕنٛدِ یِنہٕ سۭتۍ خۄش۔
57,کینژن چھُ فِکِرِ زِ ٹیکسَن منٛز اضافہٕ کَرِ معیشت کمزور۔
58,یم سٲری چھِ واریاہ غریب۔
59,آبُک بہاؤ کنٹرول کرنہٕ خٲطرٕ آو دریاوس اپار اکھ ویر بناونہٕ۔
60,أمۍ سٕنٛز موج ٲس أمس کن وٕچھان۔
61,فوجس خٲطرٕ اوس أکس مضبوٗط دشمنس سۭتۍ لڑن مشکل۔
62,شٗر چھُ کٗمبَس منٛز پوشن ہِیو آسان۔
63,شہزادٕ ایڈورڈ سُنٛد خانٛدر اوس ساسہٕ بٔدۍ لوکو وُچھمُت۔
64,گرُک فرشِ گژھ صاف تھاونہٕ یُن۔
65,تٔمۍ دِژ گٲڑۍ ڈرٛایورس پونٛسہٕ۔
66,مےٚ چھےٚ آن لائن لایبریری تام رسٲیی۔
67,فوج در٘او روتلہِ دریاو اپور۔
68,استاد سُنٛد بیان اوس شَرارتہٕ وول۔
69,یہِ نوٚو چپکاو ہیٚکہِ دھات شیشس سۭتۍ جوڑِتھ۔
70,تٔمِس میلیٛیہِ جادویی شو خٲطرٕ مُفت ٹِکٹہٕ۔
71,سُہ چھُ اکھ اصل بالَر۔
72,تٔمۍ کٔر صُبحٕ پؠٹھٕ شامس تام کٲم۔
73,کتابہٕ چھِ پرنٹنگ پریسَس منٛز چھاپنہٕ یِوان۔
74,أمس چھ تہنٛد اعتماد تہٕ دیانت پسند۔
75,بہٕ گوس پننِس امتحانہ کِس نٔتیٖجَس سۭتۍ واریاہ مایوس۔
76,خوش قسمتی سان رود موسم اصل۔
77,تس چھُ موسیقی ہُنٛد شوق۔
78,سُہ چھُ پارٹی ہُنٛد وفادار حٲمی۔
79,توقع چھُ یِوان کرنہٕ زِ سۄ کرِ کُنہِ ساتہٕ اَتھ جایہِ ہُنٛد دورٕ۔
80,تِہنٛز ناو درٛاو دریاوَس منٛز۔
81,خبردار روزِیو تو٘ہہِ کیا چھِو ونان تکیازِ سٗہ چھٗ پر کشش۔
82,سہ چُھ امہ علاقک مالک، لہذا چُھ پرٛیتھ کٲنٛسہ أمۍ سٕنٛز اطاعت کرٕنۍ۔
83,أمۍ سُنٛد پوشاک چُھ کُنہِ حدس تام تنہٕ دار۔
84,تٔمۍ نیوٚو گریجویشنس منٛز آرٹس کورس پٲٹھۍ۔
85,مےٚ اوس ہَٹھ ہوٚکھ تہٕ اَمہِ کِنۍ تُل مےٚ آب ژۄپ۔
86,اَپُز وَنُن چھُ اَکھ فَن۔
87,خوشگوار یاداشتہٕ چُھ زیادٕ عرصس تام روزان۔
88,ڈاکٹر ووت مقرر وقتس پیٹھ۔
89,سون وٲحِد فِکر چھُ شُرؠن ہُنٛد فلاح۔
90,سپاہن آو مشقہ خٲطرٕ زمینس پؠٹھ موجود روزنہٕ خٲطرٕ ونٛنہٕ۔
91,سُہ چھُ زیادٕ تہٕ زیادٕ مُنافہٕ کماوُن یژھان۔
92,تِمَو کٔر ژَلَن واجیٚنۍ چھِت ژٹنٕچ کوٗشش۔
93,تٔمۍ کٔرۍ پنٕنۍ احساسات واضح پٲٹھۍ ظٲہر۔
94,مےٚ رَٹو زورٕ سان۔
95,میٲنِس پاکیٚٹس منٛز چھِ وٗہ پاوُنٛڈ۔
96,آل انڈیا اورینٹل کانفرنس چُھ جٲری۔
97,یِمن دۄن واقعاتن درمیان چھنہٕ کانٛہہ تعلق۔
98,فرش مٹھٲیو۔
99,بہٕ چُھس پرٛیتھ دۄہ سکول گژھان۔
100,تَنقیٖد دانَو وٗچھ کِتابہٕ تہٕ نیوکھ جٲیزٕ۔
101,یہِ چھُ اَز مُسلمانن ہُنٛدِ خٲطرٕ اکھ تہوار۔
102,اسہِ چھِ کینٛہہ خام تیل ضرورت۔
103,أسۍ دِیو تس یقین۔
104,تو٘ہہِ یٗس تبلیغ کرِیو، تتھ پیٹھ کرِیو عمل۔
105,باسان چُھُ زِ تِمَو چھُ کینٛہہ وقتہٕ خٲطرٕ شہر ترٛوومُت۔
106,ژوٗر اوس پُلیٖسَن أنٛدۍ پٔکھۍ۔
107,تٔمۍ کٔر کالجَس منٛز الہیاتٕچ تعلیم حٲصِل۔
108,یمن سنگرن چھ قدرتی مٹھٲیہ آسان۔
109,تٔمۍ دِیُت اَسہِ اکھ شاندار خیال۔
110,پرِندٕ چھِ کُلس پیٹھ بٲتھ گیوان۔
111,پوسٹ آفِس کوتاہ دور چھُ ییٚتہِ پؠٹھٕ؟
112,تنظیمس سۭتۍ أمۍ سٕنٛدۍ رٲبطہٕ درٛاو کم۔
113,سُہ چھُ اَتھ عمارتَس مَنٛز اکھ چوکیدار۔
114,کنٹرول پینلَس منٛز خرٲبی کُنہِ چھِ ہوٲیی جہازَس وَتہِ منزۍ لینڈنگ کرٕنۍوان۔
115,ہسپتالس منٛز بچن ہیٚچھناونہٕ خٲطرٕ چھُ اکھ اِستاد آسان۔
116,گاسہٕ اوس اوٚدُر۔
117,المارِ منٛز چھُ سفید رویہ آسان۔
118,تِمَو اوٚن ٹرالی منٛز ناشتہٕ کمرس منٛز۔
119,یتھین افواہن پیٹھ یقین کرُن آسہ بیوقوفی۔
120,تٔمۍ وُچھ چڑیا گرَس منٛز اکھ ہُرُن۔
121,کیا بہٕ ہیکا چٲنۍ بیگ نِتھ، میڈم؟
122,سُہ اوس تھکَن وول تہٕ پریشان۔
123,تٔمۍ چھُ پنُن پان خوفزدہ کوٚرمُت۔
124,یوم جمہوریہ دۄہ آیہِ آتش بٲنی ہنٛز نُمٲئش کرنہٕ۔
125,فِکِرِ مہ کریو٘، سورُے گژھِ ٹھیکھ۔
126,تٔمِس کَتہِ پیٹھہٕ میول بیرو؟
127,گرٕ چھِ کٗلیو٘ سٕتہِ ولِتھ۔
128,خراب صحت ہیٚکہِ کامیٲبی منٛز رُکاوٹ ٲسِتھ۔
129,گریڈ بی تہٕ اَمہِ کھۄتہٕ زِیٛادٕ چھِ تسلی بخش مانٛنہٕ یِوان۔
130,سُہ چُھ پرٛیتھ کانٛہہ تُہنٛز ناشتہٕ خٲطرٕ ناپسند کران۔
131,تٔمہِ ہیژِ پنٛنِس زا دوہ فینسی۔
132,یِمن گاڑن ہُنٛد بچاو چھُ کٲفی حفاظتی۔
133,سۄ چھےٚ ہمیشہٕ أمس سۭتۍ بڑ آواز منٛز کتھ کران۔
134,بہٕ کِتھ کٔنۍ ہیکہٕ اِیَر فیلڈ وٲتِتھ۔
135,سٹیشنس نزدیٖک آیہِ ٹرینہِ ہِنٛدِس رفتارس منٛز کٔمی۔
136,کَمہِ قٕسمٕچ نٹ روز گاڑ ریلوے ٹریکَس پیٹھ؟
137,مےٚ چھ چانہ ٹایۍ پسند۔
138,سۄ ہیٚکہِ کُنہِ تہِ دۄہ یِتھ۔
139,سہ چھ فرمہ منٛز أکس اعلی عہدس پؠٹھ۔
140,نزدیٖک ٲس أکس کنہ أنٛدۍ پٔکھۍ اکھ رز بنٛد کرنہٕ آمٕژ۔
141,اَسہِ چھُ پٔتمہِ اکہِ دہکہِ ہُنٛد سالانہٕ رِپورٹ وٕچھنُک ضروُرت۔
142,تمو لگاو سُہ أکس گاڑ منٛز پتھ کن۔
143,مندر چھُ پوجا خٲطرٕ اکھ اصل جاے۔
144,کیٛاہ آرٹ میوٗزیم چھےٚ پرٛؠتھ دۄہ یَلہٕ روزان
145,دہشت گردن ہُنٛد مقصد چھُ لوٗکَن خوفزدہ کرُن۔
146,ژوٗر سپزِ دۄہہ کِس گاشس منٛز گژھان۔
147,پُلیٖسن کوٚر مُجرِمس مارنہٕ خٲطرٕ لورِ ہُنٛد اِستعمال۔
148,کُلۍ کٔٹۍ ہٕنٛز اکھ گٔنۍ آبٲدی ٲس یہِ ہِٹ بناوان۔
149,پُلیٖسن کٔر قتل کیسٕچ تفصیٖل یکجا کرنہٕ خٲطرٕ سراغ جمع۔
150,أکۍ رپورٹرن دِژ یہ دلیل۔
151,اَز کیا ڈیٹ چُھ؟
152,میون دوست آو حالٕے ہَسپتالہٕ منٛزٕ نیبَر۔
153,کمزورن مہ دیو شکار۔
154,تِمۍ سٕنٛز ساروٕے کھۄتہٕ بٔڑ خصوصیت ٲس تِمۍ سٕنٛز مددگار نوعیت۔
155,سُہ چُھ سارِوٕے کھۄتہٕ بوٚڑ مانٛنہٕ یِوان۔
156,تس چھ یقینی طور پونسن ہنٛز ضرورت۔
157,أمس چھ کمرس پھوٚکھ۔
158,مےٚ چھُ باسان یہِ چھُ کٲفی۔
159,ہِنٛدُستٲنہِ ٹیمہِ سمکھیوو فاینلس منٛز آسٹریلِیٲیی۔
160,کوہ پیماہن چُھ پنٛنِس منزلس تام واتنہٕ خٲطرٕ واریاہ زیٹھ کھینہٕوان۔
161,أمۍ سنٛد جواب اوس واریاہ مختصر۔
162,تس چھُ اکھ لۄکٗٹ ہۄنگنڈ۔
163,تس ٲس یورپِچ اندرونی ناپسند۔
164,سُہ چُھ اکثر پنٛنِس خانٛدانس پیٹھ ظُلم کَران۔
165,اَمہِ خطہٕ پؠٹھٕ چھِ ژونٹھ پوٗرٕ دُنیاہَس منٛز کڑنہٕ یِوان۔
166,ٲبی گُزرگاہ چھ ہۄکھنہٕ یوان۔
167,تمام طٲلِب علمن ہُنٛد مقصد گژھِ دیمن پتھ کڑن آسُن۔
168,اتھ بندوقس چھ اکھ زیوٹھ بور۔
169,مےٚ چھنہٕ یہِ باسان! أمۍ دیُت ہلکہٕ پٲٹھۍ جواب۔
170,ڈاکٹر چھِ پنٛنیٚن مریضن سۭتۍ واریاہ صبر کران۔
171,مےٚ وُچھِ فِلم ویڈیو ٹیپس پیٹھ۔
172,أسۍ چھِ تپھ تھرمامیٹر سۭتۍ مینان۔
173,یہِ ٲس پُلیٖس تہٕ فوجٕچ اکھ مُشترکہٕ کاروٲیی۔
174,میٲنۍ ماجہ کٔر مےٚ یہ پیشہ ژارنٕچ ترغیب۔
175,واقع گژھِ لاگ اَن کرنہٕ یُن۔
176,تٔمۍ کوٚر تنازع کین تمام مسلن ہُنٛد ٹھنڈٕ جٲیزٕ۔
177,اسہِ چھتہٕ خٲطرٕ کٲفی مُقدارس منٛز چیٖز۔
178,پھلن ہُنٛد قۭمَت چھِ جایہِ پتہٕ جایہِ مُختٔلِف آسان۔
179,سکوٗلن دِژ سالانہٕ دۄہ مٲلِس ماجہِ دعوت۔
180,تٔمۍ چھُ تحقیق مکمل کرنہٕ خٲطرٕ پنُن پان وقف کوٚرمُت۔
181,تٔمۍ کٔرۍ تِم اَکھ نِیک تہٕ محنتی لوٗکھ بیان۔
182,سُہ چھُ عملی کامین منٛز بہتَر۔
183,سُہ چھُ اَکھ کیٚمۍ دار، گِندٕ اِنسان۔
184,فرشس دیو اصل پٲٹھۍ پوٚش۔
185,سُہ چھ پرسنل ڈپارٹمنٹس منٛز کٲم کران۔
186,بہٕ چھُس پننِس مٲلِس وقف۔
187,بہٕ ہیٚکہٕ نہٕ ٹیونس منز گیوتھ۔
188,پِچرِ چھِ بیس بالس منٛز واریاہ اَہم کِردار ادا کران۔
189,استادِ ہیٚکہِ نہٕ تۄہہِ اِمتحانس منٛز کامیٲبی ہِنٛز ضمانت دِتھ۔
190,اسہ کوٚر فالسن تام پنن سفر مزٕ سان۔
191,تٔمۍ دِتۍ واریاہ طاقتہٕ سان زٕ مُش۔
192,راہب آو دھوکہ باز لبنہٕ۔
193,تٔمۍ کوٚر أمۍ سٕنٛز غیر مہذب زبانہ ہٕنٛدِس استعمالس پؠٹھ اعتراض۔
194,باقی مُلکَن منٛز شپنگ برونٹھ چھِ تیل بیرل یِوان کرنہٕ۔
195,مےٚ لو٘ب اکھ گِلدستہٕ یٗس اسہِ برون٘ٹھیہ تھومٗت گِلدستہٕ سٕتہِ برابر چھٗ۔
196,تِمو رَٹہِ واریاہ گاڑٕ۔
197,یہ چُھ أمۍ سنٛد خانٛدٲنی کاربار، یُس نسل در نسل منتقل چُھ گژھان۔
198,گٲڑۍ مٔلۍ ہینہٕ وِزِ کیٛاہ خصوصیات چھِو تُہۍ وُچھان؟
199,ییٚمہِتہٕ کٲلِس منٛز چُھُ سُہ پیرسس منٛز پنٛنہِ ٲنِس نِش گَژھان۔
200,أمۍ سُنٛد گرٕ چھُ واریاہ بوٚڑ۔
201,اَمہِ چُھٹی دیُت اسہِ واشنگٹن گژھنُک موقعہٕ۔
202,کھڑا گژھنہٕ وِزِ باسییہ تس ٹاس۔
203,ادارن منٛز چھِ تعلیمی معیار مختلف آسان۔
204,صحافی چھ اکھ دلچسپ نسل۔
205,ٹیچرن دیُت لڑکس کوڑ۔
206,مریم آیہِ پارٹی منٛز گۄلٲبہِ رنگہٕ لباسس منٛز۔
207,تٔمۍ کٔر کمپنی منٛز بطور تربیت یافتہٕ شمولیت اختیار۔
208,واریاہ شکریہ تہنٛدس تعاونس خٲطرٕ
209,بہٕ کھیٚوں نہٕ سُہ زہر۔
210,سہٗ چھٗ توٲریخس منز جان مٲہر۔
211,امہِ معجزٕ سۭتۍ گوٚو سٲری بے٘ کتھ۔
212,تۄہہِ کتہِ تھوٚو یہِ کاغذ؟
213,سسپینس اوس ناقابل برداشت۔
214,سپاہن چھِ پوزیشن بدلاونہٕ ورٲے گٲنٹن تام کھڑا روزنوان۔
215,أمۍ سُنٛد مول چُھ اکھ قٲبل مکینیکل انجینئر۔
216,تِم چھِ گامَس منٛز اکھ نوٚو سکول بناوان۔
217,جنگلی حیات محفوظ تھونٕچ کوُششہِ چھِ یِوان کرنہٕ۔
218,گاڈٕ ہٲنز اوس موسمی طور زخمی بٗتھ۔
219,سہٗ چھٗ توٲریخس منز جان مٲہر۔
220,سۄ چھےٚ أکِس غریب طبقس سۭتۍ تعلق تھاوان۔
221,ایلومینیم چھُ اکھ مرکب دھات۔
222,أمہ سٕنٛز اوٚنٛگجہ پؠٹھ اوس سۄنہٕ سند پوشاک۔
223,بہٕ چُھس یژھان ٹرین ٹایمس متعلق پرژھ گٲر کرٕنۍ۔
224,پاین کُلۍ چھِ سرد شُمٲلی علاقَن منٛز لبنہٕ یِوان تہٕ چھِ فرنیچر بناونہٕ خٲطرٕ استعمال یِوان کرنہٕ۔
225,یہٕ چھُ اکھ نو دریافت شُدٕ سیارہ۔
226,تاج محل چُھ سنگ مرمرک بناونہٕ آمُت۔
227,میٲنۍ موج چھےٚ عموٗمن بٹوارِ دۄہ اکھ خاص ضیافت تیار کران۔
228,پلیز پۄنٛسہٕ کر ٹرانسفر
229,تٔمۍ وٕچھ مےٚ کُن۔
230,تمام نمبر جوڈو۔
231,شرط چھُ منیجنگ کمیٹی ہنٛز منظوٗری تابع۔
232,سۄ کر پگہ تام فایلہٕ حٲصِل۔
233,مہربٲنی کٔرِتھ تراو پنٕنۍ تماشہٕ دوٗر۔
234,سۄ چھےٚ مےٚ ناپسند کران، تہٕ اتھ برعکس۔
235,اَتھ کامہِ چھِ عموٗمَن زنانہٕ ترجیح دِوان۔
236,ثبوتو ورٲیہِ ہؠکو أسہ صرف اندازٕ لگٲوِتھ زِ کینٛہہ اوس غلط۔
237,اَمہِ کوریڈورُک کھجر چھُ ٲٹھ فٹ۔
238,لیکچرس منٛز گژھن زٕ باقی نکتہٕ تجرید کرنہٕ ینۍ۔
239,تٔمہِ کوٚر پنٛنِس مُقدِمس اِنکار۔
240,تہنٛز کٲم گژھِ ہفتہٕ وار چیک کرنہٕ یِنۍ۔
241,أمِس چھ بٗتھس پیٹھ واضح پھیٚپھر۔
242,دستیاب بار چھنہٕ شہرٕکہِ ضرورت پورٕ کرنہٕ خٲطرٕ کٲفی۔
243,بہٕ چُھس نہٕ تس ذٲتی طور زانان۔
244,سُہ بڈیو٘ رؠوٲیتی ماحولس منٛز۔
245,اسہِ چھُ پنٛداہ موجود۔
246,سہ گوٚو اسہ انتظار کرنہٕ خٲطرٕ أنٛدۍ پٔکھۍ۔
247,بہٕ چُھس پرجوش۔
248,سہ اوس چھٹین ہنٛد دورٕ کرنہٕ خٲطرٕ پنُن سامان پیک کران۔
249,کانٛہہ تہِ ہیٚکہِ گیرس منٛز اژِتھ۔
250,سُہ درٛاو اورٕ یور تہٕ درٛاو واپس بَس سِٹیشنس کُن۔
251,آبہٕ چیسٹ نٹ چھِ واریاہ کر٘س آسان۔
252,یِم تمام ٹرسٹی شپ آیہِ وارٕ وارٕ جاپٲنۍ حکومتس واپس کرنہٕ۔
253,چوکیدارو ژُھنہ نفر نیبر۔
254,تِم چھِ پنٛنیٚن گَلین رنٛگ کرنہٕ خٲطرٕ سنترُک اِستعمال کَران۔
255,کوہ پیما روُد نہٕ تینتٲلِس تام واتنَس منٛز ناکام۔
256,پرنہٕ سۭتۍ کٔر تٔمۍ پنٕنۍ الفاظ بہتر۔
257,یہِ چھُ تہنٛز قمیضہ خٲطرٕ اکھ اصل رنگ۔
258,بہٕ کر پگاہ دُوبارٕ کوشش۔
259,زَنانَن چھِ تہنٛز آزٲدی خٲطرٕ لڑن۔
260,واریہو لوکو وُچھ یہٕ فِلِم۔
261,میون لیپ ٹاپ چھ میانہ کمپیوٹر کھوتہٕ واریاہ زیادٕ تیزی سان کٲم کران۔
262,گاو چھےٚ فارینجائٹس سۭتۍ مُتٲثر۔
263,سٹیڈیم چھُ شہر کِس دور شُمٲلی حصس منٛز۔
264,تۄہہِ چھا کینٛہہ کھین یژھان؟
265,میٲنِس دوستس چُھ انتہٲیی حساس کُن۔
266,فوج آو بطور دفٲعی دستہٕ تعینات کرنہٕ۔
267,یِمو غلط فہمیو سۭتۍ چھِ ناپسندیدٕ نتیجہٕ نیران۔
268,بہٕ چُھس واریاہ پریشان۔
269,جہازٕ اوس بندرگاہس کُن جھکان۔
270,پولیس چھِ سانہِ معاشرَس منٛز اَہَم کِردار ادا کران۔
271,مےٚ کٔرۍ دستاویزٕچ واریاہ کاپی تیار۔
272,سکولَن منٛز چھُ نصابَس منٛز کمپیوٹر شٲمِل کرنہٕ آمُت۔
273,اَسہِ پزِ صنعتَس منٛز اِختراعَن حوصلہٕ افضٲیی کرنٕچ ضرورت۔
274,سُہٕ چھُ اَکھ موثر اِنسان۔
275,اسہِ پیٹھہٕ کٕنہِ پھٗٹ اکھ گرج۔
276,ژٕ بناو میانہ خٲطرٕ اکھ ڈرنُک؟
277,پنٕنۍ طاقت تہٕ کمزوری زانٕنۍ چھِ اصل۔
278,یہِ چُھ صِرف پونٛسن ہُنٛد ضایع گژھُن۔
279,مےٚ چھِ گلٲبہ رنگس ورٲیہ تقریبا تمام رنگ پسند۔
280,تٔمِس آو اکھ تحفُک واؤچر دِنہٕ۔
281,سُہ چھُ اکھ عقلمند تہٕ ہوشیار نَفر۔
282,کیا چائے چھا اتھ کھینس سۭتۍ شٲمل؟
283,ذہین طٲلِب علمن ہنٛدۍ مول موج چھِ ہمیشہٕ تِمن پیٹھ فخر محسوس کران۔
284,شُرۍ ٲسۍ اصل برتاو کران۔
285,اگر أسۍ شِشتٕر گرم کرو تیٚلہ چھ یہ وۄزُل گژھان۔
286,أمس چھ مختٔلف قٕسمٕکۍ پلو۔
287,تعلقات چُھ اعتمادس پیٹھ بنان۔
288,اسہِ چھ گھاسہٕ کڑن۔
289,ژٕ چھٗکھ شرس خوفزدہ کران۔
290,سہٗ چھٗنہٕ نیک۔
291,أسۍ گٔے دہَن ؤرین منٛز دۄیہِ لٹہِ تمن نش۔
292,سرجنن ہٗنٛد شر٘اکہٕ ژاو مریض سٕنٛدِس جِسمس منٛز سنیر اژان۔
293,مےٚ کوٚر أکس بٗزرگ نفرس سڑکہ تر٘اونس منٛز مدتھ۔
294,پرٛانہِ مشین ٲس اکہتہٕ کہِ وقفہٕ پتہٕ چلاونہٕ یِنہٕ وِزِ سخٕت دُبان۔
295,سٗہ آو مےٚ میٲنِس دفترس منٛز وٗچھنہٕ اکھ کارٕبٲر تجویز ہیتھ۔
296,تِم چھِ سانین حقوقن لتہٕ دِوان۔
297,مےٚ تھوٚو پنٛنِس نیٚچُوِس حُسن ناو۔
298,یقینی طور پَزَن اَسہِ اَتھ متعلق کینٛہہ کَرُن؟
299,سُہ روُد ٹیسٹَس منٛز ترٛیٚیِمِس نمبرَس پؠٹھ۔
300,تٔمۍ ووٚن أمِس زِ سامان کتہ چھ تھاوُن۔
301,تٔمۍ لوگ پنن پان أکس نٔوس پلوس منٛز۔
302,لالچ کرن چھ گناہ۔
303,فونس آیہ ٹینُک ٹینک۔
304,تٔمۍ دِیُت فوجس صُبحٲے حملہٕ کرنُک حکم۔
305,پژھین استقبال کرنُک چھُ ریواج۔
306,تٔمۍ بوز میٲنۍ اَفسوسٕچ دلیل۔
307,مےٚ روو پَنُن پرس۔
308,تِم وٲتہِ وٗنہِ وٗنہِ۔
309,سُہ گوٚو پنٛنِس باس سٕنٛدِ گِدی بُلاونس پؠٹھ ناراض۔
310,نوین طٲلب علمن ہُنٛد فصل چھُ موثر۔
311,أمس چھنہٕ وۄنۍ تکلیف۔
312,تٔمۍ سٕنٛدِ بے٘ چال بیان سۭتۍ گوٚو بہٕ ناراض۔
313,بہٕ چُھس ایم پی یک مقٲمی باشندٕ۔
314,مےٚ ووٚن پنٛنہِ ماجہِ مےٚ سۭتۍ یِنہٕ خٲطرٕ مگر تٔمۍ کوٚر نہٕ کانٛہہ تہِ توجہ۔
315,اتھ منصوبس چھِ ڈبلیو ایچ او طرفہٕ مٲلی اعانت فراہم کرنہٕ یِوان۔
316,ہمیشہٕ کٔرِیو بٗزرگن احترام۔
317,یہٕ مشٲہدٕ چھ تقریبا اکھ حقیقت۔
318,سۄ چھےٚ اَکھ کامیاب کاربار چَلاوان۔
319,تٔمہِ تھوِو تس کُن وٗچھنہٕ خٲطرٕ کَلہٕ۔
320,کیا ژٕ ہیککھا یِہ کار نِتھ؟
321,تٔمِس آو سرد استقبال کرنہٕ۔
322,یِمو منٛز اوس نہٕ کانٛہہ تہِ تھوٚد۔
323,پژھین میول گرمجوشی سان استقبال۔
324,خدا چھ کائناتک بناون وول۔
325,یہِ چھےٚ أمۍ سٕنٛز ذٲتی کٲم۔
326,سۄ ٲس غمس منٛز وِدان۔
327,اسہِ چھِ پنٕنۍ کٲم کرنہٕ خٲطرٕ کٲفی وقت باقی۔
328,لوکن ہُنٛد اخلاقیاتک معیار چھ بڑان۔
329,یٗتھٗیہ فوجی سٕنزِ لاش کڑنہٕ آیہ، لوُکن منز اوس خشم۔
330,تٔمۍ کوٚر پنٛنس سامانس أنٛدۍ پٔکھۍ اکھ ڈور بنٛد۔
331,بہٕ چھُس/چھُس یژھان اکھ قالین مو٘لہِ ہیوٚن۔
332,ماہرینہ تہٕ ماہرازن کٔرۍ منتن ہُنٛد تبادلہٕ۔
333,جنگی گر اوس پٔتمہِ سیزنَس منٛز زبردست۔
334,تو٘ہہِ کوتاہ چھُو خرٕچ کران امیُک حساب تھٲیِو۔
335,سمندری جہازٕ در٘او سمندری لہرٕ کِنہِ سمندرس منٛز۔
336,پتہٕ پرژھ انسٹرکٹرن بیاکھ اکھ رَضاکار۔
337,پلاسٹک چیزن ہُنٛد قۭمت چھُ دھاتن ہُنٛدِس مُقابلس منٛز سستہٕ۔
338,مےٚ چھِ پننین شرین پیٹھ فخر۔
339,اسہِ چھُ اونی پوشاک ہیٚنۍوان۔
340,یٗتھٗیہ ؤری مۄکلان چھٗ، دٔلیٖل چھے٘ بدلان۔
341,یہِ اوس اَکھ خوبصورت آبشار۔
342,سُہ اوس بدتمیز، سیٹھاہ پرجوش تہٕ خود اعتمادی وول۔
343,بہٕ چھس أمۍ سٕنٛز کارکردگی سۭتۍ واریاہ متٲثر۔
344,اسہِ کٔر یمن چیزن درمیان تشبیہ۔
345,تالابس منٛز آسہٕ أنٛدۍ پٔکھۍ زیادٕ گاڑٕ۔
346,سہٗ چھٗ پنٛنِس شعبس منٛز اَکھ مٲہِر۔
347,بنیلہٕ سۭتہِ وستھ آیہِ عمارت۔
348,صبحس ژھرانٹھ واین چُھ جسمہٕ خٲطرٕ بہتر۔
349,صدر سٕنٛدِس ہدایتس پؠٹھ آیہِ اکھ نٔو کونسل قٲیِم کرنہٕ۔
350,سۄ ٲس تَھَزرَس منٛز واریاہ کم۔
351,تو٘ہہِ ہیٚکِو کُنہِ تہِ دُکانس پیٹھہٕ واٹر کُلرِ مٔلۍ ہیتھ۔
352,مرن وٲلِس نفرن دیُت پنٛنِس نیٚچوِس آشیرواد۔
353,پرٛؠتھ دۄہ چھِ واریاہ لُکھ اتھ منٛدرَس منٛز یِوان۔
354,سپروایزرَن کوٚر سُہ تَمہِ وِزِ برخاست ییٚلہِ سُہ کامہِ پؠٹھ شرابہٕ چیتھ آو۔
355,سُہ اوس خانٛدٲنی وَراثتہٕ نِش محروم۔
356,پُلیٖسن بچٲوۍ لوٗکھ ڈاکوو نِش۔
357,تٔمۍ بنٲو پنٛنہِ کورِ ہٕنٛز اکھ تصویر۔
358,بہٕ چُھس چائے کھیوان یتھ مَنٛز واریاہ کھنٛڈ آسِہ۔
359,تٔمۍ چھُ اَکھ جرم کوٚرمُت۔
360,تٔمہِ کٔر پنِنؠن گناہَن ہٕنٛز معٲفی حٲصِل۔
361,بہٕ چھس أمۍ سٕنٛز ذہانت خٲطرٕ تعریف کران۔
362,تَمہِ کوٚر پارٹی منٛز شرکت کرنہٕ خٲطرٕ پنُن مَس کوٚڑِتھ۔
363,تٔمۍ کٔر بطورِ خزانچی کٲم کرنس پیٹھ رضامندی ظٲہر۔
364,یہِ وایبریٹر چھُ دَگ کم کرنہٕ خٲطرٕ استعمال یِوان کرنہٕ۔
365,اتحادُک اعلان یِیہ مناسب وقتہٕ کرنہٕ۔
366,قلم تھٲیِو اوٚنٛگجہِ تہٕ ٲٹھہِ درمِیان۔
367,وُنکیٚنس چُھ سُہ رِیاضس منٛز کٲم کران۔
368,پننین مُسلن حل دِنہٕ خٲطرٕ پَزِ اَسہِ پیسیفُک آسُن۔
369,دنٛدن ہٕنٛدۍ ڈاکٹرن لگوو أمۍ سٕنٛدس داڈس اکھ تاج۔
370,اثرات ٲسۍ شِدتس منٛز کٲفی۔
371,بھگوت گیتا ہس چھ اٹھار باب۔
372,رامس اوس بینکرس پیٹھ پونسہٕ وۄزُم ہیوٚتمٗت۔
373,جانوَرَن کھیٚن دیُن چھُ اَکھ بٔڑ کٲم۔
374,تٔمۍ کوٚر چرچس خلاف تنقیدُک آغاز۔
375,دٔلیٖلہِ منٛز چھُنہٕ پزرُک کانٛہہ تہِ نِشانہٕ۔
376,مہربٲنی کٔرِتھ لیکھو پنُن ناو تہٕ پیشہ أکِس کاغذَس پؠٹھ۔
377,سۄ گٔیہِ پنٛنِس دوست سٕنٛدِ سرد اِستقبال سۭتۍ زخمی۔
378,پرنٹنگ ایجاد گژھنہٕ پتہٕ چھُ سون معاشرٕ واریاہ بدلیومُت۔
379,قٲبل طالب علمن پزٕ سخٕت محنت کرنہٕ خٲطرٕ حوصلہٕ افزٲیی کرنہٕ یِنہِ۔
380,ییٚلہِ بہٕ سخٕت مُشکلاتن منٛز آسان اوسُس، تٔمۍ کوٚر پننۍ طرفدار بنتھ مےٚ مدد۔
381,یہِ چھُ وزنہٕ ورٲیہ بالٹی توہہِ ہیکِو یہِ تُلِتھ۔
382,تٔمۍ کٔر مقدمٕچ حقیقت ججس برٛونٛہہ کُنہِ پیش۔
383,دیوارس پیٹھ الونگ پینٹنگز چِھ اصل باسان۔
384,صدرس چھُ تمام فیصلن پیٹھ ویٹو کرنُک اختیار۔
385,کِتاب تھٲیِو بۄنِمِس شیلفس پیٹھ۔
386,کینژن فنڈنگ ایجنسین چھُ تحقیقی منصوبُک حمایت کرُن۔
387,یِم ماچھِ چھِنہٕ ماچھِ دوان۔
388,یہِ اوس بَس اکھ المناک حٲدثہٕ۔
389,تٔمۍ بنٲو اکھ خوبصورت تصویر۔
390,یہِ چُھ مانٛنہٕ یِوان زِ تِم چُھِ ورم خور۔
391,سُہ چُھُ میادس منٛز السر آسنہٕ کِنہِ صِرف ہلکہٕ کھین کھیوان۔
392,پرٛؠتھ دۄہ صُبحٲے کٔریو پَنُن ٲس صاف۔
393,اسہِ چھنہٕ گرس منٛز کانٛہہ تہِ پھل آسان۔
394,یہِ چھُ تَتہِ وٗنہِ تہِ اکھ زِندٕ رواج۔
395,سۄ چھےٚ پنٛنِس دفترس تام واتنہٕ خٲطرٕ بسہِ منٛز سفر کَران۔
396,أمس چھےٚ گۄڈے ساروٕے کھۄتہٕ آرام دہ کرسی حٲصل گٔمٕژ۔
397,امہِ ملکُک بحری فوج چھُ واریاہ بوٚڑ۔
398,طٲلب علمو کٔر پرٛنٛسپٕلِس برٛونٛہہ کِنہِ فریشرس چھیڑنہٕ خٲطرٕ مُعٲفی۔
399,وی پی سنگھ اوس اقوام متحدہ کِس اجلاسَس منٛز اکھ مبصر۔
400,تِمو وٗچھ بالُک اند۔
401,اتھ سڑکہ پیٹھ چھ وکر واریاہ خطرناک۔
402,تٔمۍ ژھَن اَکھ چھانۍ سۭتۍ آب۔
403,رودٕ سۭتہِ گیۍ وہہ منٹ ضایہِ۔
404,پارٹی منٛز آسہٕ کور کورس کران۔
405,اگر تُہۍ علم یژھان چھِو، تیٚلہِ پزِ تۄہہِ امہِ خٲطرٕ محنت کرٕنۍ۔
406,تِموک چو٘ن چھٗ ہوا خراب کران۔
407,ژوٗر آو حقارَت کران حراستس منٛز نِنہٕ۔
408,سُہ چھُ اَسہ سارِنی منٛز بہترین نیبر انُن یژھان۔
409,مہربٲنی کٔرِتھ کھول پَنُن ٲس۔
410,ہمالیٲیی پہاڑ چھ ہندوستان کین سرحدن پیٹھ۔
411,أمس آو چھاتی ہٕنٛزٲرۍ کُنہ تھرٕ۔
412,شٲعرن کوٚر ہمالیہ ہُک تاج بیان۔
413,أمۍ سٕنٛد خٲطرٕ چھےٚ یہ واریاہ بٔڑ کتھ ز سہ کر پنٛنس تنخواہُک نصف حصہٕ سٔہلاب متٲثر گژھن عطیہ۔
414,تمہِ تر٘ٲو کِتابہٕ پنٛنِس دوستس سۭتہِ۔
415,تمن سۭتۍ مقابلہٕ کرن چِھنہٕ أمۍ سٕنٛد خٲطرٕ ممکن۔
416,تٔمۍ تُل اَکھ گہرٕ شاہ تہٕ تُلٕن دریاوَس منٛز ڈۄنگ۔
417,گلوٗکار اوس واریاہ خوبصوٗرتی سان نوٹ سمبھالان۔
418,میٲنِس لۄکٹَس نیٚچوِس چھُ ٹاس۔
419,تٔمۍ کٔر دیوارس پؠٹھ اکھ تصویر طے۔
420,تِمو چھ فہرست پروگرام کوٚرمُت تہٕ تُہۍ چھو سارِوٕے کھۄتہٕ گۄڈٕ کتھ کرُن وول۔
421,تُہنٛز منطقن کوٚر نہٕ سُہ مُتٲثِر۔
422,سیاحن کوٚر بسہِ منٛز ہجوم۔
423,مےٚ لٲگۍ پنٕنۍ سٲری پَلو رَز پؠٹھ۔
424,اَسہِ اوس نہٕ زانٛہہ تہِ توقع زِ یِژھِ آفُت گژھِ۔
425,أمس اوس علاجک ضرورت۔
426,بہٕ چُھس پرنہٕ وِزِ عینُک لاگان۔
427,سُہ اوس بدتمیز تہٕ تیز گوٚمُت۔
428,تو٘ہہِ ہیٚکِو نہٕ پننؠن سٲتھیٚن ورٲے کارٕبار چلٲوِتھ۔
429,سُہ اوس سٲتھی مسافرَن سۭتۍ کَتھ باتھ کران وَقت گُزاران۔
430,پلیز بِلب کر ہولڈرَس منٛز ٹھیک۔
431,وسیع کٔدٕل چھِ دۄن اہم نقطن جوڑان۔
432,أسۍ درٛاو أکس خوبصورت خلیجس منٛز۔
433,أمۍ سنٛد بوے چُھ یوتھ فیلوشپک رکن۔
434,ٹرین گیہ حرکتس منز۔
435,جور چھِ اَتھ مکانَس منٛز روزان۔
436,کمپیوٹر چھِ ٹھیک پٲٹھۍ کٲم کران۔
437,راجن تُل اَمہِ صورتہِ حالُک پوٗرٕ فٲیدٕ۔
438,تۄہہِ چھُ پنُن مزاج قابوس منٛز تھاونُک ضرورت۔
439,أمس چُھ کینٛہہ تہ کرنک سرکٲرۍ اختیار۔
440,سُہ چُھ وایِل وایان۔
441,ٹیبلس پیٹھ چھُ کینٛہہ پوائنٹ۔
442,دیانت چھُ اکھ خوبی۔
443,یہ اوس اکھ لائیو ڈراما۔
444,بہٕ چُھس کُنہِ تہِ شکلہِ منٛز شِکارس خِلاف۔
445,سُہ آو قتلُک مُجرِم قرار دِنہٕ۔
446,أمۍ ٲس اکھ بف رنگٕچ دھوتہ لٲگتھ۔
447,أمۍ سٕنٛدۍ بیان چِھ أکس بیمار نفرس ہمیشہٕ زندٕ کران۔
448,سُہ اوس کنین ننہٕ خٲطرٕ گاڑِ ہُنٛد استعمال کران۔
449,یہِ چھُ بہترین آب پکن وول جہاز یٗس مےٚ وٗچھمٗت چھٗ۔
450,تِمو کٔرۍ مرن وٲلہ دفن۔
451,چوکیدارو ژُھنہ نفر نیبر۔
452,أکۍ ویٹرن کوٚر زخمی گرۍ سنٛد علاج۔
453,ییٚلہِ مریمبا تال گِنٛدَن شُروٗع چھِ گژھان، مےٚ سۭتۍ کٔرِو رقص۔
454,سپاہ ٲسۍ میل کوٹ لاگان۔
455,اسہِ کوٚر پنٕنۍ قونوٗنی مسلہٕ حل کرنہٕ خٲطرٕ اکھ وکیل مقرر۔
456,پنٛداہ چھُ میون خوش قسمت نمبَر۔
457,مےٚ ووٚن أمس پارٹی منٛز ینہٕ خٲطرٕ۔
458,افواہ آسہٕ زِ اِمتحان گژھَن مِلتوی کرنہٕ یِنۍ۔
459,سۄ چھےٚ اکھ واریاہ قٲبِل وکیل۔
460,تمۍ سٕنٛز نانہ چھےٚ پینسٹھ ؤری۔
461,أمۍ سنٛد مقٲمی انداز چُھ پرٛؠتھ کانٛہہ پسند کران۔
462,سون سکول چھُ دٔریاو بٔٹھِس نزدیٖک۔
463,سُہ اوس پَزر تہٕ عدم تشَددَس محبت کران۔
464,یوتاہ توٚمُل چھنہٕ دہن نفرن کھ۔
465,بہٕ چُھس نہٕ وُنیُک تام یِتھس وعدس خٲطرٕ تیار۔
466,بہٕ چھس پننِس مُلکہٕ کین لوکن محبَت کران۔
467,سُہ چھ سون گھریلو نوکر۔
468,کمپنی کٔر وقتَس پؠٹھ سامانٕچ ڈلیوری۔
469,مہربٲنی کٔرِتھ کٔریو فرش ویکس۔
470,سڑکہِ ہنٛدِس کونَس منٛز چھُ اکھ دُکاندار۔
471,رامن چلاو اکھ تیر یُس اکِس وٗڈن وٲلِس ہنِس ہس لگِیوو۔
472,سُہ چھُ اَکھ مَشہوٗر ڈاکٹَر۔
473,سکول چھ أکس سیشنس منٛز صرف 50 طٲلب علم دٲخل کران۔
474,سُہ چھُ اکھ پانہٕ طے شُدٕ شخص۔
475,تِم چِھ اَتھ مکانس منز روزان۔
476,ییٚلہِ میون پیٚتٕر واریاہ زیادٕ چیٚوان چھُ، سُہ چھُ واریاہ بدتمیز گژھان۔
477,روڈ میپ چُھ واریاہ شکلہ ہاوان۔
478,سۄ چھےٚ کمپنی ہِنٛز مُلکہ۔
479,لاگت کہِ وجہہ کِنہِ اوس تجٲرتی جنگہٕ نِش بچٗن۔
480,تِمَن درمیان ٲسۍ دوستی ہٕنٛدۍ مضبوٗط تعلقات۔
481,تمہِ کوٚر اسہِ خلاف سخت حملہٕ۔
482,أمس اوس نیبر نہٕ نیرنہٕ خٲطرٕ اکھ آسان بہانہٕ۔
483,بہٕ چُھس یہ جشن کٲفی اجنبی محسوس کران۔
484,یہ لاٹ چھ أمس خٲطرٕ تھاونہٕ آمت۔
485,یِمَو منٛز چھِ واریاہ لوُکھ تپہِ دقس منٛز مبتلا۔
486,پزر اوس واریاہ تکلیف دہ۔
487,سۄ وٲژ بالس تام۔
488,ییٚلہ تٔمہ گاڑ ہنٛدس دروازس پؠٹھ اتھہٕ دبٲو تمہ سۭتہ گوٚو أمہ سٕنٛزن اوٚنٛگجن کینژن اعصابن نۄقصان۔
489,لوٗکن برٛونٛہہ کنہِ سرگوشی چھ واریاہ بدتمیز مانٛنہٕ یوان۔
490,تٔمۍ کٔر پنٕنۍ کٲم خفیہ اندازَس منٛز مکمل۔
491,سُہ اوس خوفہٕ سۭتۍ تھرٕ تھرٕ کران۔
492,بہٕ چُھُس نہٕ عام طور ریتہٕ کالہِ سفر کرٗن پسند کران۔
493,میون مستقبل اوس بۄن کُن باسان۔
494,پریس رپورٹرزن آیہ میٹنگہِ ہنز اطلاع دِنہٕ۔
495,معاف کٔریو، کیٛاہ بہٕ اوسا چانہِ بیگس پیٹھ ووتمت؟
496,ییٚلہِ بہٕ دہہ ؤرِش آس، مےٚ گیۍ ٹنسل نیبر۔
497,مریض سُنٛد خون اوس نہٕ جمع گژھان۔
498,تِم چھِ ورمیلک ہار کٕنان۔
499,کلاس اوس تیوٗت بور کران زِ تمام طٲلِب علِم ٲسہِ جِسمٲنی طور تتہِ مگر ذہنی طور بییہِ کِنہِ جایہِ۔
500,یہِ سودا ہیٚکہِ سون کاربار پٲدٕ کٔرِتھ۔
501,سۄ چھےٚ مےٚ تکنیکی معاملن پیٹھ مشورٕ دوان۔
502,تِم عمارتہٕ چھِ دنیاہَس منٛز افزودگی منٛز اضافہٕ کران۔
503,تٔمۍ چھُ پورٕ دُنیاہُک سفر کوٚرمُت۔
504,أسۍ چھِ چیزن وزن سۭتۍ مینان، نہ کہ حجم سۭتۍ۔
505,ییٚلہ أسۍ پنُن گرٕ آمٕتۍ ٲسۍ سٲنۍ ہمسایہ ٲسۍ واریاہ دوستانہٕ۔
506,اسہِ کوٚر تھیٹرَس منٛز موسیقی تہٕ رقصُک مزٕ۔
507,کھیٚن تھٲیو أکس بٔڑس بانس منٛز۔
508,سطحی زخم چھنہٕ سخٕت آسان۔
509,نیٔبرٕ کِنہِ یِنہٕ وول مٗشُک اوس نہٕ خوشگوار۔
510,وٗچھِو، یہِ کرِ نہٕ تۄہہِ کٗنہِ تہِ پٲٹھہِ مدتھ۔
511,سۄ روٗز پوٗرٕ راتس تتیٚیہِ ہٗشار۔
512,سردی کُنہِ چھِ مےٚ اوٚنٛگجن ژَکھ کھسان۔
513,تٔمۍ کوٚر مےٚ گرمجوشی سان اَتھ۔
514,لڑکہٕ درٛاو اچانُک پننہِ سیٹہٕ منٛزٕ برٛونٛہہ کُن ییٚلہِ ڈرائیورُن اچانُک وقفہٕ دِیُت۔
515,تِم چھِ خدایَتَس پؠٹھ کَتھ باتھ کران۔
516,ورلڈ کپس منٛز ہندوستان کہِ ہارنہٕ سۭتۍ ٲسۍ لوٗکھ اوٚشہٕ کِس حالتَس منٛز۔
517,کیٛاہ ژٕ ہؠکہٕ مےٚ پنن کاغذی شر٘اکہٕ د؟
518,واریاہ لوُکھ گٔیہِ وزیرِ اعظم سٕنٛدِس دفترس برٛونٛہہ کُنہِ جمع۔
519,أسۍ ہیکو نہٕ دۄہدش ضرورتہٕ خٲطرٕ باقین پیٹھ انحصار کٔرتھ۔
520,مےٚ چھُ پٔزۍ پٲٹھۍ نصِف رٲژ ہُنٛد سکون پسند۔
521,کھین مہ کر ضایہ۔
522,تم چھ أکس ڈھیلس اتحادس منٛز دٲخل گٔمٕتۍ۔
523,جمٲژ کوٚر اکھ اجلاس مُنعقد۔
524,یہِ کرٗن چھٗنہٕ جان۔
525,سُہٕ گٲی ہیرٕ سٕتۍ بۄن۔
526,حالاتن اوٕ تمس منز شرارت نیبر کڑان۔
527,تٔمۍ کٔر پنٕنۍ سٲری وراثت أکس ؤرۍ یس منٛز خرٕچ۔
528,حالانٛکہ سۄ چھےٚ واریاہ غریب، مگر أمس چھِ نہٕ پنٕنۍ عزت ختم گٔمٕژ۔
529,مےٚ میج مانچسٹر یونیورسٹی منٛز فیلوشپ۔
530,کتِہ چُھوٕ گژھان؟
531,أمۍ سٕنٛدس طرز عملس چِھ خاندانس منٛز تعریف یوان کرنہٕ۔
532,تہۍ کیٛاز چھو أمس دعوت دنس منٛز ہچکچاوان؟
533,بہٕ چُھس نہٕ چیز ژور تھوان۔
534,ڈاکٹرَن کوٚر مریض سُنٛد اصل پٲٹھۍ معائنہٕ۔
535,مےٚ گُزٲرۍ شیٚیہِ ریتھ بطور وزیٹنگ پروفیسر۔
536,ایئر لائنس چھُ توجہ دِنَس منٛز ناکام روزنہٕ خٲطرٕ تنقید کرنہٕ آمُت۔
537,سُہ چھُ پرٛٲنِس شہرس منٛز روزان۔
538,بہٕ گژھہٕ تۄہہِ وینٹ بٗلَس منٛز پیاران۔
539,مےٚ لیوٗکھ اکھ کِتاب تہٕ کٔرٕن پریسہٕ خٲطرٕ تیٲری۔
540,سُہ ہیوٚک نہٕ یہِ کٲم پوٗرٕ کٔرِتھ، حالانٛکہِ تٔمۍ کوٚر سخٕت جٲیزٕ۔
541,سُہٕ گٲی واریاہ زورٕ سٕتۍ کتھ۔
542,یَتھ دُنیاہس منٛز چُھ بُنیٲدی چیز ایماندار آسن۔
543,بنگلورس چُھ باغن ہُنٛد شہر ونٛنہٕ یِوان۔
544,پَیازِ خٲطرٕ کٔرِو سرکہِ ہُنٛد اِستعمال۔
545,تۄہہِ میلہِ آمد و رفت۔
546,سہ چھ أکس خانٛدانس منٛز بطور پونٛسہٕ دنہٕ وول مہمان روزان۔
547,سچن چھ اکھ بہترین کرکٹ کھلٲڑۍ۔
548,اگر تُہۍ اَمہِ نوکری خٲطرٕ درخواست دِین یژھان چھِو تیٚلہِ سوٗزِو تِمَن پنٕنۍ زندگی۔
549,سۄ چھےٚ ہمیشہٕ تجریدی طور کتھ کران۔
550,تٔمۍ کوٚر قسم زِ سُہ گژھِ نہٕ بیٚیہِ زانٛہہ تہِ تور۔
551,بہٕ چھس پننس ضمیرس منٛز واریاہ واضح۔
552,بہٕ چُھس کھوژان زِ بہٕ چُھس نہٕ اَمِچ پیروی کران۔
553,مےٚ ؤنۍ پننِس بٲیس پوٗرٕ دٔلیٖل۔
554,تِمَو وُچھ اَکھ نفر انہِ گٹس منٛز ژوٗر۔
555,اسہِ پزِ کمزور ترین لوکن مدد کرُن۔
556,لُکھ کیٛاہ چھُ مےٚ متعلق سوچان، یہِ چھُ مےٚ خٲطرٕ کم اَہم۔
557,تس چھےٚ کھوورس ٲچھِ منٛز واریاہ کم گاش۔
558,تِمَو کوٚر زٲنِتھ مٲنِتھ امہِ مسلس نِش گریز۔
559,ویٹرنری ڈاکٹر بنُن چھُ میٲنۍ پوٗرٕ زندگی ہُنٛد خواب۔
560,کونس پیٹھ ٲس اکھ ترٛیٚیہ منزلٕچ عمارت۔
561,لڑایہِ ہُنٛد اختتام گوٚو پلیٖس کِس وقتس پؠٹھ واتنہٕ سۭتۍ۔
562,رائفلو سۭتۍ لیس زٕ نفر ژایہِ اژِتھ بینکس لوٹ۔
563,کینٛہہ نوجوان چھِ یوگا کلاسَس منٛز شٲمِل گٔمٕتۍ۔
564,میون تمام سرکٲرِ خط و کتابت چھ میون سکریٹری چلاوان۔
565,کونسل چھُ شہرَس منٛز ٹریفک کم کرنہٕ کین طریقَن پؠٹھ کٲم کران۔
566,أمس چِھ ریکہٕ اڈجہ ہٕنٛد زخمہٕ کہ وجہ سۭتۍ واریاہ تکلیف تلمٗت۔
567,تٔمۍ ہوو فخر سان پَنُن انعام۔
568,بہٕ گژھہٕ پنُن گام پننین لوکن سمکھنہٕ خٲطرٕ۔
569,یہِ کتاب دِ آزانس تہٕ باقی تھٲیِو ادیمِس نِش۔
570,یہِ کامیڈین چُھ پنٛنہِ فحاشی خٲطرٕ زاننہٕ یِوان۔
571,اَسہِ بنٲو شَہَر صاف کرنہٕ خٲطرٕ اکھ سکیم۔
572,اَتھ حٲدِثس منٛز گوٚو گاڑِ ہِنٛدِس برٛونٛہہ حِصس نۄقصان۔
573,أمس چُھ امیر بننک زبردست شوق۔
574,مہربٲنی کٔرتھ کر أمۍ سٕنٛدس بدتمیز برتاوس معٲفی۔
575,تِمَو چھُ سون فٲصلہٕ قبول کوٚرمُت۔
576,أسۍ سٲری روٗزۍ راتس پننِس دوستس نِش۔
577,جنسی طور ہراساں کرنہٕ کین الزامن پیٹھ چھِ دۄن پولیس افسرن خلاف کاروٲیی کرنہٕ آمٕژ۔
578,کتاب چھے انتہٲئی دلچسپ۔
579,یِژھ رٗکاوٹ ہیٚکہِ نہٕ قابل قبول ٲسِتھ۔
580,ڈرٛایور اوس سڑکہِ ہُنٛدِ نِشانہٕ پرنہٕ خٲطرٕ وٕچھان۔
581,پرٛیتھ کانٛہہ اوس بے صُبری سان نٔتیٖجن ہُنٛد انتظار کَران۔
582,مجرم ژلۍ جیلہٕ منٛزٕ۔
583,یہٕ تصویر چُھ نسبتا اصل۔
584,کیٛاہ بہٕ ہؠکا تۄہہ مدد کٔرتھ
585,تَس اوس شرارتہٕ سۭتۍ جوش یِوان۔
586,یِم کُلۍ کٔٹۍ چھِ پنٕنۍ مولو سۭتۍ آب جذب کران۔
587,أکس ہاکی ٹیمس منٛز چھ 11 کھلٲڑۍ آسان۔
588,سہٗ چھٗ اکھ وٹکلچرسٹ۔
589,کتُب خانَس منٛز چھِ تۄہہِ کِتاب ژیرۍ واپس کرنہٕ خٲطرٕ جُرمانہٕ ادا کرُن۔
590,مے٘ ہیو٘ت کھو٘ر کھسن۔
591,تمو تھوٚو بہٕ أکس صاف کمرس منٛز۔
592,اَسہِ پَزِ پننِس ملکہٕ کہ عزتہٕ خٲطرٕ لڑُن۔
593,مےٚ کٔر کینٛہہ نہٕ کٔرِتھ زندگی ضایہِ۔
594,مےٚ چھُ پنُن پان پننؠن سالانہٕ اِمتحانُن خٲطرٕ تیار کَرُن۔
595,سہ چھ اکھ ویٹرنری سرجن۔
596,ٲخٕر کار آو أمۍ سٕنٛدس فنس پھول۔
597,سیٲسی معاملن پؠٹھ ٲس بحث گژھان۔
598,اَسہِ چھِ یِمن لفظَن مختلف زمرن منٛز درجہٕ بندی کرٕنۍ۔
599,پنُن قۭمَتی سامان تھٲیِو لاکرَس منٛز۔
600,سہ چھ کٲم جلدی مکمل کران۔
601,أسۍ ہیٛکو وسٲیل تعمیری مقصدن خٲطرٕ استعمال کٔرتھ۔
602,میون مطلب چھُ، سُہ اوس ہمیشہٕ اکھ خۄش کَتھ کرُن وول۔
603,تٔمۍ ہیتہِ مےٚ نِش چالہٕ سۭتۍ پونٛسہٕ۔
604,گاؤ آیہ ویٹرنری ہسپتال نِنہٕ۔
605,دۄدَس منٛز چھُ کیلشیم آسان۔
606,شٗر سُنٛد اَتھ اوس گوٚٹ۔
607,مےٚ کوٚر پننین تمام پلون ہُند انتظام کابینہِ منز۔
608,تٔمہِ ٲس گۄڈٕ اَتھ ادارَس منٛز کٲم کٔرمٕژ۔
609,سُہ آو حالٕے منٛز پنجابُک گورنر مُقرر کرنہٕ۔
610,اَسہِ دیوٗت تٔمِس ہوٲیی اڈَس پؠٹھ الوداع۔
611,آب چھُ راتس منٛز مضبوط گژھان۔
612,تِمو کوٚر الگ روزنُک فیصلہٕ۔
613,مےٚ آو نہٕ تُہُنٛدِ نوٚو گَرٕ وٕچھنُک موقعہٕ۔
614,سُہ چھُ اکھ لالچی اِنسان۔
615,خراب صحبتہٕ کھوتہٕ چھ کُنی زٔنۍ روزُن بہتر۔
616,مےٚ چھُنہٕ گِنٛدنہٕ خٲطرٕ وقت میلان۔
617,تمہِ سٗنٛد بٗتھ اوس خوفہٕ سٕتہِ لیدٗر۔
618,مٲلی معاملن منٛز میٲنِس مٲلۍ سٕنٛز اہمیتَس پؠٹھ چھُنہٕ کٲنٛسہِ تہِ شک۔
619,ریل حٲدِثس منٛز گٔیہِ داہ نفر ہلاک۔
620,ٹیمَن گِیُنٛد اکھ مُنصِفانہٕ کھیل۔
621,سُہٕ گیہٕ دگٕ سۭتۍ بڑٕ بڑٕ۔
622,یتیم خانہٕ چُھ بٹمالوس منٛز واقع۔
623,کرکٹس سۭتۍ محبت کرن وٲلۍ ٲسۍ میچ اضطراب سان وٕچھان۔
624,تِم چھِ اَتھ بلہ خلاف سرگرمی سان لابنگ کران۔
625,لگاتار کوششن سۭتۍ گوٚو تِم پنُن مسلہٕ حل کرنس منٛز کامیاب۔
626,اتھ معاملس منز مہ کٔرِیو کٔمی۔
627,امہِ بیمارِ چُھ سہ کمزور کوٚرمُت۔
628,تِم ٲسۍ عظیم جنگجو۔
629,ہندوستٲنۍ بازر اوس کل فروختُک 40% حصہٕ۔
630,سڑکہِ پیٹھ اوس کینٛہہ شور۔
631,أمۍ سٕنٛز زنٛدگی چھےٚ خطرس منٛز۔
632,دار چھُ جھیٖلُک خوبصورت نظارٕ پیش کران۔
633,صنعتی ملک چھِ قدرتی وسٲئل واریاہ زیادٕ مقدارس منٛز استعمال کران۔
634,مےٚ دیو صِرِف اتھہٕ چھلنہٕ۔
635,بہٕ اوس کٲفی نزدیک کھڑا تاکہ بوزن تم کیا چُھ ونان۔
636,سنار سُند فن باپت کٔر پرٛیتھ کٲنٛسہِ تعریف۔
637,ڈرٛامہِ اوس شاندار۔
638,سۄ لۄکچہ کوٗر چھےٚ واریاہ خوبصورت۔
639,سُہ چھ اکثر میون گُرِ یوان۔
640,تمو کٔر پنٕنۍ کٲم مؤثر طریقہٕ مکمل۔
641,دَہہِ سۭتہِ گوٚو نارٕٗک الارم شروع۔
642,أمۍ سٕنٛدۍ اوٚنٛگجہ چھِ زیٹھۍ تہٕ تنٛگ۔
643,بہٕ چھُس تریہ وُہُر۔
644,ہنگٲمی حالاتن منٛز دانشمندانہٕ طور کٲم کرٕنۍ چھِ ضروری۔
645,پروگرام آو دویمہِ دۄہ منعقد کرنہٕ۔
646,افسرن ہنٛد اکھ ہجوم اوس أمس أنٛدۍ پٔکھۍ۔
647,یہِ گژھ اکھ وایرَس آسُن۔
648,'چائلڈ'ہُک جمع کیا چُھ؟
649,عمارت کِس پورٕ کپرس چھُ مرمتُک ضرورت۔
650,تٔمۍ نفرن وُچھ شُرۍ گلہ اپور تران۔
651,سپروائزَر اوس پنٛنہِ کامہِ سۭتۍ پوٗرٕ پٲٹھۍ مُطمئن۔
652,مےٚ وُچھ مٲدانَس منٛز اَکھ گٲڑۍ۔
653,بہٕ چُھس واریاہ تھوکمت۔
654,تِم چھِ ییٚتہِ کِس مغرِبس منٛز روزان۔
655,منیجرن کوٚر تجویزُک خیرمقدم۔
656,مٔہہ چھِ کانٛہہ تہِ ورٹبریٹ خون کھ۔
657,پُلیٖس کہِ طرفہٕ لگاتار پرٛژھ گٲر کرنہٕ سۭتۍ گوٚو سُہ بے ہوش۔
658,تِمو کوٚر میون نقطہٕ نظر اختیار۔
659,آسمان اوس اوٚبرٕ سۭتہِ برِتھ۔
660,کاروانن کوٚر پرٛیتھ دۄہ لگ بگ 100 میل سفر طے۔
661,پننۍ بوٹھ ٹھیک کرنُک چھُنہٕ کانٛہہ ضرورت، مےٚ چھُ یہِ رَد کوٚرمُت۔
662,یِہ چُھ ڈینمایٹ سمبالنہٕ خٲطرٕ واریاہ خطرناک۔
663,بہٕ چُھس یژھان اکھ پارٹی کرٕنۍ۔
664,چیف آف آرمی سٹافن کوٚر سرحدی علاقن ہُنٛد دورٕ۔
665,سُہ بنیوو امریکہ ہُک نٲیب صدر۔
666,تٔمِس ووت پٔتمہِ برٛیسوارِ دۄہ ژیر۔
667,تِم چھِ کولیسیمَس منٛز گنٛدان۔
668,ایمبولینس آیہ حٲدثہٕ چہِ جایہ تام تفصیل سان واتناونہٕ۔
669,مُہمان وٲتہِ دُپہرِس۔
670,زنانن تہ چھُ ووٹ دِنُک حق۔
671,نیون چھُ اَکھ خاص وۄزُل چمُک جٲری کران۔
672,کمپنی ہُند پیداوارک گراف چُھ ییتین۔
673,یہِ غذا چھُ سبزی تہٕ پھلیو سۭتۍ بٔرِتھ۔
674,پری ہُنٛد جادو کٔرۍ تِم زٕ باے ہرن منٛز تبدیل۔
675,سُہٕ چھُ اَکھ غأر مَطلوب شَخص۔
676,فنکشن گژھِ کِنہِ تاخیر ورٲیہ شروع۔
677,مےٚ روو بندوق۔
678,نیبولا چھُ تیوٗت دور زِ تِمن ہٗند کٲفی تفصیل سان مُشٲہِدٕ ہیکو٘ نہٕ کرِتھ۔
679,یہ زمین چھِ أکِس سرکٲرۍ ادارٕچ۔
680,یہ وَتھ چُھ میٲنس گرس تام واتان۔
681,زوٗنہِ ٲس گَھرن پیٹھ ہلکہٕ گاش ترٛاوان۔
682,تُہنٛز بیمٲرۍ ہیٚکہِ خراب غذا سۭتۍ منسوب کرنہٕ یِتھ۔
683,بہٕ چُھس یہ مٔلۍ اننس پیٹھ غور کران، مگر بہٕ چُھس کم سوچان۔
684,تِم چھِ یژھان گۄڈٕ کِتابہٕ ایشیاہَس منٛز بٲگراوُن۔
685,خراب صحت ہیٚکہِ زندگی منٛز کامیٲبی منٛز رُکاوٹ ٲسِتھ۔
686,تٔمۍ دِیُت اَسہِ اکھ شاندار خیال۔
687,بہتر چھُ زِ تُہۍ کٔرِو یہِ ڈکشنری منٛز وُچِھِو۔
688,أکس فٲصلہٕ کن نفرس پز پارٹی ہٕنٛز قیادت کرٕنۍ۔
689,یہٕ چھ اکھ تجریدی پینٹنگ۔
690,اکھ وکسن اوس جنگلس منٛز ژھانٛڑان۔
691,تٔمۍ کٔر پولیسَس نِش جرمٕچ مذمت۔
692,بٗزرگ کیٛازِ چھُ خاموش روزان؟
693,تر٘امہٕ ٹریس چھٗ سلورو٘ سٕتہِ چڑھاونہٕ یوان۔
694,أمس چھ اکھ نوٚو کمپیوٹر۔
695,آسمان اوس تارکو سٕتۍ برِتھ۔
696,لۄکٹۍ شُرۍ چھِ مٲلِس ماجہِ ہٕنٛدۍ پیٔٹھۍ۔
697,یہ چُھ روح چینہٕ خٲطرٕ دِنہٕ یوان۔
698,سہ چھ میون قریبی رشتہ دار۔
699,تس میج وۄنۍ أکس سکولس منٛز مستقل نوکری۔
700,پوٗرٕ مُلکَس منٛز چھِ بحران۔
701,پاگنینی اوس اکھ شاندار وایلن نواز۔
702,تفتیشس منٛز میول نہٕ دستاویزن ہُنٛد کانٛہہ تہِ قٲبِل تصدیق ثبوت۔
703,میٲنِس پیٚتٕر سُنٛد چھُ گامَس منٛز اَکھ فارم۔
704,مےٚ مہٕ دِیو لالِچ۔
705,میانہِ ہمسایہ سُنٛد بیٲلہِ چھُ واریاہ خوبصورت۔
706,چٹھہِ ہُنٛد مسودٕ چھُ تیار۔
707,اسہِ پزِ ضرورت مندن ہند فلاح خٲطرٕہ کٲم کرٕنہِ۔
708,سُہُ اوس انتہٲیی توہم دان۔
709,مےٚ کٔر سۄ ہَوٲیی جہازٕ سۭتۍ گژھنَس پیٹھ آمادٕ۔
710,ڈاکٹرَن کٔر یہِ بیمٲرۍ ابتدٲیی مرحلَس منٛزٕے ٹھیک۔
711,اَسہِ پزِ اَتھ معاملَس متعلق عوٲمی بیداری بڑاونٕچ ضرورت۔
712,کمپنی ٲس دیوول گژھنہٕ کِس دہانس پیٹھ۔
713,تُہۍ ٲسِو مصیبتَس منٛز، صرف کٔریِو میٲنۍ کتھہِ نشان زد۔
714,اَتھ کامہِ منٛز چھُ سون مقصد دۄگنہٕ۔
715,یہ چھ اکھ بریکنگ نیوز۔
716,ہنی کومبس مہ کر خلل۔
717,ڈاکٹرن کوٚر سُہ تپھ نِش ٹھیک۔
718,تٔمۍ چھِ گۄڈَے پنِنِس باسَس متعلق اکھ رائے بناومٕژ۔
719,کیمیایی کمپنیہ چُھ سانین دریاون تہٕ ماحولس زہر دِوان۔
720,مےٚ پر کتاب ہُنٛد صِرِف ٲخری باب۔
721,سُہ چھُ وُنکیٚنَس دِلہِ یونیورسٹی ہُنٛد وائس چانسلر۔
722,تٔمۍ تُل پنُن موٹر سائیکل گیراجَس منٛز۔
723,یہ چھ اکھ مشکل تجویز۔
724,خوش قسمتی سان گوٚو نہٕ کانٛہہ تہِ زخمی تہٕ کارخانس ووت کم کھوتہٕ کم نقصان۔
725,شیلفَس پؠٹھ گنزراو کِتابہٕ۔
726,سہ گوٚو کتھ باتھ منٛز أکس وقفس دوران نیبر۔
727,تٔمۍ کٔر راتھ میٹنگٕچ صدارت۔
728,نیبرٕ چُھ رود پیوان۔
729,سۄ چھےٚ فطرتس سۭتۍ بدتمیز۔
730,استادِ سٕنٛدِ مرنہٕ سۭتۍ گٔیہِ طٲلبہِ علم ژَکھ۔
731,تو٘ہہ چھا پنٗن پینسل تیز کوٚرمٗت؟
732,عمارت گٲی تباہ۔
733,تِمن آو جنگی آواز دِنُک حکم دِنہٕ۔
734,ہجوم چھُ بے صبری سان میچ وٕچھنُک انتظار کران۔
735,تٔمۍ ہیتہِ پنٛنِس خانٛدرٕ کہِ دۄہ خٲطرٕ اَکھ شاندار پَلو۔
736,بہٕ چھُس/چھُس اَکھ نوٚو خوردبین ہیوٚن یژھان۔
737,مےٚ کوٚر بندوق احتیاط سان نشانس کُن نِشانہٕ۔
738,پلگ مہٕ کڑن۔
739,یہ مشورٕ چھُ دِنہٕ یوان زِ پریتھ تتھ چیزُک صحیح پیمٲئش کرُن یُس أسۍ مٔلۍ ہیوٚتمتۍ چھُ۔
740,سزا گَژھِ جَرمہٕ کہِ مَتناسب آسُن۔
741,11 طٲلب علم چھُ از غٲر حاضر۔
742,مےٚ پَزِ آز تور گژھُن۔
743,تمہِ پھُٹرٲو شیشہٕ ٹُکرٕ۔
744,گاڑ گوٚو أکس کلس سۭتۍ ٹکراو۔
745,یہ چھُ اکھ ورجن زیتون تیل۔
746,سۄ چھےٚ أمس نش واریاہ بچاو کران۔
747,تٔمس ملیٛیہ أکس کالجس منٛز پارٹ ٹایم نوکری۔
748,تو٘ہہِ کتھہٕ کٔنہِ ہیٚکِو یوتاہ انتقٲمی ٲستھ؟
749,ژٕ چھٗکھ از صٗبحَس جان موڈَس مَنٛز۔
750,اسہِ چھ تقریبا تمام اصول اختیار کرن۔
751,اسہ چھ فٲصلہٕ کرن زِ کیا چھ کرن۔
752,تٔمہِ کٔر مےٚ خبردار زِ چولہٕ اوس وٗنہِ تہِ گرم۔
753,سُہ اوس اَکھ مُقرر جج۔
754,تٔمۍ زیوٗن یہِ کھیل صرف ہُنر تہٕ دھوکہ دہی سۭتۍ۔
755,ییٚلہِ بہٕ چھُٹی پؠٹھ گژھِ سُہ سمبھالن یہِ کٲم۔
756,تُہۍ ہیٚکِو حالاتن ہُنٛد پنُن جٲیزٕ تہِ ترٛٲوِتھ۔
757,شہرَس چھِ پنٕنۍ پبلِک ٹرانسپورٹ بہتر بناونٕچ ضرورت۔
758,ایوارڈٕچ تقریب یِیہِ بیٚکہِ ہفتہٕ منعقد کرنہٕ۔
759,أسۍ چھ کم از کم ٹیکس ادا کران۔
760,لابی منٛز چھُ اکھ وزیٹَر تۄہہِ اِنتِظار کران۔
761,مےٚ چھُ پننِس خانٛدان چہِ دولتُک ژوٗرِم حِصہٕ میولمٗت۔
762,سۄ ٲس اکھ قٲبل مکینیکل انجینئر، قٲبل مکینیکل انجینئر تہٕ نامور طبیعیات دان۔
763,سُہ گوٚو ونٛد کِس ٲخٕرس منٛز تور۔
764,أمۍ سٕنٛز ما چھےٚ اکھ ٹیچر۔
765,اداکار آو سٹیجس پؠٹھ کُنی زٔنۍ وُچھنہٕ۔
766,یہِ چھُ شہرس منٛز اکھ زیوٹھ پیدل سَفر۔
767,تمۍ سٕنز موج گٲی تیم سٕندِ خٲطرٕہ لباسہٕ اننہٕ خٲطرٕہ۔
768,تہٕ کٲلۍ پلو گژھن چھلنہٕ خٲطرٕ واشرمینس نش سوزنہٕ ینۍ۔
769,یہِ چھُنہٕ دور، تو٘ہہِ ہیٚکِو تور واتنہٕ خٲطرٕ پیدل گژھِتھ۔
770,یہِ شر٘اکہٕ چھِ دندھ سٕتہِ ولنہٕ یوان۔
771,چکرس منٛز چھِ نہٕ چکر حرکت کران۔
772,شٲعرن کوٚر پنٛنِس نظمس منٛز بِہارُک جوہر شٲمِل۔
773,علی یِن کوٚر عائشہیہِ سۭتہِ خانٛدَر۔
774,أمس چِھ پنٛنہ شناختک ثبوت دین۔
775,زَنانہٕ آسہٕ غمہٕ سٕتۍ وَدان۔
776,أمۍ چھ أمِس دھوکہٕ دِیتمت۔
777,کمرس منٛز اژنہٕ برٛونٛہہ کٔرِو ہمیشہٕ امیُک درجہ حرارت چیک۔
778,ژے٘ چھٗنہٕ میون ٹوسٹ اصل پٲٹھہِ ژھنمٗت۔
779,سُہ چھُ أکِس شٲہی ریاستس سۭتۍ تعلق تھاوان۔
780,تربوز اوس مزٕ دار۔
781,مےٚ کوٚر أمس کاربارس منٛز مدد۔
782,یِژھ تلاش آسہٕ صِرف مخصوص حالاتن منٛز مُمکِن۔
783,مےٚ چھُ ملین ڈالر
784,سُہ چُھ پنٛنیٚن مُلٲزِمن کم ادایگی کَران۔
785,ایٹم بم چُھ بنی نوع انسان خٲطرٕ اکھ خطرناک خطرٕ۔
786,درمیانس منز تنازعہ حل کرن چُھ بہتر۔
787,مےٚ چھِ سمندری جانور وٕچھُن پسند۔
788,پُلیٖسن تھٲو شِکاور نفرٕ سٕنٛدِس گَھرس پؠٹھ نظر۔
789,ہوا چُھ 70% کھوتہٕ زیادٕ نائٹروجن پیٹھ مشتمل۔
790,سلفر زالنہٕ سۭتۍ چِھ خرگوش دور روزان۔
791,تۄہہِ کِتھ کٔنۍ ووت اتھ حٲدِثس متعلق زانٛکٲری؟
792,سٲنۍ وِسٲیِل چھُ بِہاؤ کِس حالتَس منٛز۔
793,أمہ سٕنٛز نوٚو کٲم چھےٚ پرٛانہ کامہ برابر۔
794,انہِ گٹس منز اوس تس تصور زِ تمہِ وٗچھ اکھ بھوت۔
795,سوفی چھُ ٹٗکرن منٛز دِنہٕ یوان تہٕ اسہِ چھٗ یہِ جمع کرٗن۔
796,تمِس ٲس پے زِ تِم چھ تس ژھانٛڈان۔
797,سۄ گیہ تقریب کس ٲخرس تام دٲخل۔
798,سہ چھ پنٛنس پونٛسس واریاہ نزدیٖک۔
799,شہر چھ مغربی بنُن شروع گومُت۔
800,سۄ ٲس زِیُٹھ سفرٕ پتہٕ خراب گٔمٕژ۔
801,أمس چھ غلط فیصلہٕ کرنک رجحان۔
802,أمس اوس أکۍ وایپرن ژوٚپ دیتمت۔
803,ٹیچرن کٔرۍ طٲلب علمن جماعت۔
804,بہٕ چُھُس نہٕ کٲم کرنہٕ وِزِ کینٛہہ کھیوان۔
805,سۄ چھےٚ برتھ بانہٕ نِتھ۔
806,تٔمۍ تُل ساروٕے کھۄتہٕ خوبصورت پلو۔
807,جسمٲنی ورزِش ہیٚکہِ تُہنٛدِس جِسمس تہٕ ذہنَس تناو نِش آزاد کٔرِتھ۔
808,یہِ ژوٚٹ تراو نیبر۔
809,سۄ چھےٚ دفتر کِس انتظامس سۭتۍ تفویض کرنہٕ آمٕژ۔
810,تٔمۍ گیو اَکھ خوبصورت نمبَر۔
811,ٹیچرن کوٚر طٲلب علمن یہ موضوع واضح۔
812,بہٕ ہیٚکہٕ یہِ تہِ کٔرتھ یُس بہٕ یژھان چُھس
813,سۄ آسہِ ییٚمہِ ؤریہ پنٛداہ ورش۔
814,میکینکن بدلٲو کار ہٕنٛدۍ خراب گٔمٕتۍ پرزٕ۔
815,مےٚ کٔرۍ دۄدھٕچ بوتٕل اَمہِ منٛزٕ کینٛہہ کڑنہٕ پتہٕ بنٛد۔
816,تِم آیہ ٲخٕری وِزِ مایوسی نِش بچاونہٕ۔
817,سُہ چُھ ذہنی طور معذور۔
818,بچن مہیو نِشہ بچاو کرُن چھ واریاہ ضروری۔
819,سُہ چھُ شہرُک مشہوٗر ونٹنَر۔
820,تِمَو چھُ اکھ موسمی سیٹلائٹ زمینَس انٛدۍ پٔکھۍ مدارَس منٛز تھوومُت۔
821,طوٗفانن کوٚر سامانس نۄقصان۔
822,سۄ گٔیہ ہمسایہ علاقن منٛز پکن ہٕنٛز أکس جمٲژ منٛز شٲمل۔
823,ییٚلہِ أسۍ آگرہ وٲتہِ اسہِ تل تاج محلک فوٹو۔
824,آرڈرلی چھِ پنٕنۍ کٲم واریاہ دیانتداری سان کران۔
825,اسہِ کوٚر کامیٲبی سان مسلہٕ حل۔
826,طٲلب علم چھِ مُستقبلس منٛز جان عہدٕ حٲصِل کرنہٕ خٲطرٕ سخٕت محنت کران۔
827,بہٕ چُھس ژے متعلق لگاتار سوچان۔
828,یہٕ کوٚر واریہو مٲہِرین دین دانو رد۔
829,یہ چھ روزنہٕ خٲطرٕ اکھ اصل جاے۔
830,اَسہِ پَزِ نہٕ باقِین ہِنٛدِس گَرس منٛز دراندازی کَرٕنۍ۔
831,أمہ سٕنٛز وضاحت نش مہٕ کٔریو انکار۔
832,بیڈ چُھ اکھ بوڑ جاۓ پیٹھ محیط۔
833,استادن پزِ پنُن ادراکُک طاقت بہتر بناوُن۔
834,اکھ گو٘س اوس آنگنس أنٛدۍ پٔکھۍ پکان۔
835,بہٕ چھٗس آتھوار پننین بڈٕ بٗڈ بٗڈ بٗڈ بٗڈ بٗڈ بٗڈ بٗڈ بٗڈ بٗڈ بٗڈ بٗڈ بٗڈ بٗڈ بٗڈ بٗڈ بٗڈ بٗڈ بٗڈ بٗڈ بڈِس بٗڈ بٗڈ بٗڈ بٗڈ بٗڈ بٗڈ بڈِس بڈِس بڈِس بڈِس بڈِس بڈِس بڈس بڈس بڈس کٗن گژھان۔
836,رتیشس چھِ پریتی سۭتۍ نفرت۔
837,دیانت چُھ بہترین حیکمت عملی۔
838,سرحدی تنازعہ بنیوو دۄشوٕنی ملکن درمیان جنگُک بٲعث۔
839,بہٕ چھس أکس ووکیشنل سکول گژھان۔
840,رام چھِ ہمیشہٕ راتَس گٲڑۍ چلاونہٕ نِش گریز کرنٕچ کوٗشش کران۔
841,أسۍ چھُ یہِ جاے ترٛاوان۔
842,مے٘ تھوِو ہیرِم کھڈی یلہٕ۔
843,سُہ چھُ اصل آگر پیٹھہٕ یِوان۔
844,کیٛاہ ژٕ ہؠکہٕ مےٚ سۭتۍ یتھ
845,تِمو نیہٕ سٹورٕ پؠٹھٕ بہتٔریٖن سبزی۔
846,مہربٲنی کٔرِتھ ییو۔
847,تمہ تھٲو چائے ہنز کیٹل ٹیبلس پیٹھ۔
848,أسۍ ہؠکو یہ جاۓ راتس منٛز سجٲوتھ۔
849,سُہ چھ اکھ غیر جانبدار شخص۔
850,وۄنۍ چھُ تۄہہِ یہِ کوٚرمُت، بہٕ وُچھان یہِ۔
851,لانگ فیلو سٕنٛز زینہٕ جاے چھےٚ وۄنۍ اکھ رہٲیشی جاے۔
852,واریاہ سیٲسی رہنما چھِ ذٲتی فٲئدٕ خٲطرٕ فرقہ وارانہ تشددٕچ حمایت کران۔
853,بہٕ چھس یژھان تہۍ لیکھو اکھ مضمون۔
854,اکھ اصل کینٹین چھ۔
855,میٲنِس پیٚتٕر سُنٛد چھُ گامَس منٛز اَکھ فارم۔
856,غٲر مُلکی درآمداتن پیٹھ آو عام ٹیرف لگاونہٕ۔
857,سُہ گوٚو اکہ خطرناک انفیکشنُک شکار۔
858,یِہ کُس سٕنز گٲڑۍ چُھ؟
859,ٹیرین عمارت چِھ چینی ملک کس أکس خاص علاقس منٛز اکھ خاص قٕسمٕچ تعمیر۔
860,بٲرشی بچہ درٛاو امہِ زدٕ منزۍ۔
861,بہٕ چھُس چانہِ طَرفہٕ کَتھ کران۔
862,أسۍ چھنہٕ نوٚو برانڈ لانچ کرنہٕ خٲطرٕ کٲفی پٲٹھۍ لیس۔
863,کامِہ خٲطرٕ چِھ خاص تربیتٕچ ضرورت آسان۔
864,بہٕ ہیٚکہٕ نہٕ ونکیٚنس پنن پان یہ پلو مو٘لہ ہیتھ۔
865,بہٕ اوس پننِہ بجِہ بینہ مطٲبق پنُن پان بناوان۔
866,محنت چھ کامیٲبی ہنز وتھ۔
867,تٔمۍ گُزٲر زٕ ریتھ جنگہٕ سۭتۍ تباہ شُدٕ شہرس منٛز۔
868,عبد چھُ اکھ رکن پارلیمان۔
869,نٲور سُنٛد چھُرۍ چھِرۍ لگٲوۍ أمۍ سٕنٛز گٗلۍ۔
870,فوجُک خیال اوس زِ مزید نقل و حرکت ہیٚکہِ خطرٕ ٲسِتھ۔
871,وقفہٕ پتہٕ کٔر أسہ دوبارٕ جوشہٕ سان کٲم شروع۔
872,جج گوٚو نہٕ ثبوتَو سۭتۍ پوٗرٕ پٲٹھۍ قائل۔
873,پُلیٖسس باسیوو ہجوُمس پیٹھ قوبوُ کرن مٗشکِل۔
874,مےٚ چھُ کافی زیادٕ پسند۔
875,تۄہہِ پَزِ مےٚ معافی منٛگٕنۍ۔
876,ٹینرَن تل پنٕنۍ کم گژھَن واجیٚنۍ تَوانٲیی پوٗرٕ کرنہٕ خٲطرٕ جلدی اکھ ژَکھ۔
877,مےٚ دِیُت تَس وٗنہِ اکھ میسج۔
878,مےٚ چھ واریاہ خوشی گژھان زِ بہٕ چھُس تۄہہِ یتھس مشہوٗر فنکارس سۭتۍ تعارُف کران۔
879,اَتھ حٲدِثس منٛز ہور تٔمِس اکھ زِنٛگ۔
880,سُہ پیوٚو اَکہِ دُکہٕ سۭتۍ بۄن۔
881,مےٚ گُزٲرۍ شیٚیہِ ریتھ بطور وزیٹنگ پروفیسر۔
882,خوفزدَہ شٗر ژول۔
883,از چُھ آسمان سنگ مرمر رنگک۔
884,سۄ ہیٚکہ نہٕ وۄنۍ أمۍ سٕنٛز ثالثی برداشت کٔرتھ۔
885,تِمن سارنی چھےٚ پارٹی منٛز دعوت دِنہٕ یِوان۔
886,سون مقصد چھُ کھیلہٕ ذٔریعہٕ ہیٚچھُن۔
887,ییٚلہِ تہ سہ ہندوستان یوان چھ، سہ چھُ اسہ نش یوان۔
888,سہٗ چھٗ اکھ جان کامگار۔
889,جٲیزو کٔر ثبوتن پؠٹھ بحژ تہٕ کوٚرُن امہِ پتہٕ پَنُن فٲصلہٕ۔
890,میٲنۍ بِل میلنہِ سٕتۍ کرُن تِم مےٚ چیک پوسٹ۔
891,سُہ دِیہ عدالتس منٛز مُقدِمس مُتعلق گوٲہی۔
892,ییٚتہِ پؠٹھٕ اندور واتنَس چھِ زٕ دۄہ لگان۔
893,دویمہ کوٗششہ منٛز میول أمس ویزا۔
894,أسۍ چھ وۄنۍ پرٛیتھ قٕسمٕکۍ صنعتی مصنوعات برآمد کران۔
895,سۄ چھےٚ عظیم کِردارٕچ زنانہٕ۔
896,تٔمۍ تُل شٔشتٕر بیم۔
897,سۄ چھےٚ پانس پَلَو لاگنس منٛز وقت نِوان۔
898,اَتھ متعلق چُھ بہترین کتھ یہ زِ أسۍ چِھ ویڈیو کانفرنسن پیٹھ اکہٕ وٹہٕ کٲم کران۔
899,سُہ لڑکہٕ یُس تۄہہِ یہِ کِتاب دیوٗت اوس آومُت۔
900,تمو کوٚر اکہٕ وٹہٕ کٲم کرنس پیٹھ اتفاق۔
901,گاؤس چھُ اَکھ بیمار کھو٘ر آسان۔
902,کِفایت شعٲری چھُ اَکھ بوٚڑ معیار۔
903,پنٕنۍ نستہ کٔریو ٹِشو سۭتۍ ولِتھ۔
904,سُہ چُھ مےٚ اکثر میون المیہ یاد پاوان۔
905,خۄشُک پوشن ہُنٛد شاندار رنگ۔
906,تِم چِھ واریاہ زیادٕ رقم وصول کران۔
907,سُہ چھُ پنِنِس محبَتَس سۭتۍ فرار گژھنُک منصوبہٕ بناوان۔
908,تَتہِ چھ صرف خانٛدرٕ وٲلہِ جور اجازت۔
909,أسۍ بہۍ تاپھ منز تہٕ کھیوکھ دُپہرُک کھین۔
910,أسۍ ڈاکٹر چِھ زانان زِ بیکٹیریسیڈل چھنہٕ ضروری طور وایرسائڈل۔
911,مےٚ چھ سبز سبزی کھین پسند۔
912,شِکٲرۍ سُنٛد نِشانہٕ اوس اَکھ ہانگل۔
913,بہٕ چھس تۄہہِ درخاست کران زِ تُہۍ ؤنو مےٚ۔
914,بہٕ چُھس نہٕ یژھان وۄنۍ زِندٕ روزُن۔
915,یِمَو منٛز چھِ کینٛہہ سیاح از ییٚتہِ۔
916,تٔمۍ دِیُت مےٚ وایلیٹَن ہُنٛد اکھ خوبصورت گروپ۔
917,تہۍ ہیٚکو نہٕ أمس باقیو نش الگ کٔرتھ۔
918,تٔمۍ ہیوٚت ونٛدن خٲطرٕ اکھ اصل الیکٹرُک ہیٹر۔
919,تو٘ہہِ پزِ بیٚیہِ اَکہِ لٹہِ پنٛنیٚن چیٚکن منٛز چیک کرٗن۔
920,ییٚلہِ بہٕ ووتس، کاؤنٹر اوس بنٛد۔
921,بہٕ چُھس پکنس گژھان تھوکہٕ آمُت، امہ علاوٕ چُھ نیبرٕ رود پیوان۔
922,مُتٲثر شخصس اوس ہوٚٹۍ سۭتۍ مارنہٕ آمُت۔
923,تجویز ییہٕ منظوری خٲطرٕ غور کرنہٕ۔
924,ڈاکٹرن چھُ پنُن پان پننؠن جذباتو نِش الگ کرنوان۔
925,أمہ سنٛد ناو لیٚکھو بجہ حرفن منٛز۔
926,أمہِ سٕنٛز ہٕنٛز علامتہٕ چھےٚ تَپھ تہٕ لَگاتار خۄشُک ژاس۔
927,سُہ چھُ ہمیشہٕ سٹیج پروگرامَن منٛز اَہَم کِردار ادا کران۔
928,اَمہِ علیحدگی ہُنٛد وزَن اوس تِمَن دۄشوٕنی پؠٹھ پیوٚو۔
929,کامہِ ہِنٛدیو زیٹھِیو گٲنٛٹو٘ چھٗس بہٕ تھکِیومٗت۔
930,سُہ چھُ واریاہ مشہوٗر اداکار۔
931,سُہ چھُ اَکھ سَستہٕ اِنسان۔
932,تس باسییہِ پنٛنِس پھیٚکِس منٛز اکھ ٹاس۔
933,مےٚ کٔر پنٛنہِ دوستس اِمتِحانس منٛز کامیٲبی خٲطرٕ مُبارُک۔
934,اتھ جنگس منٛز گیہ واریاہ فوجی ہلاک۔
935,پرٛؠتھ دۄہ چیوٚیَو اَکھ گُلاس دۄدھ۔
936,کانٛہہ تہِ چیز ہیٚکہِ نہٕ سانہِ دوستی کمزور کٔرِتھ۔
937,آکسیجن دار خون چھِ پلمونری شریانَن ہٕنٛدِ ذٔریعہٕ دِلَس منٛز اننہٕ یِوان۔
938,کیا تہۍ چھوٕ زاننہٕ یوان ز کمپیوٹر کتھ کٔنۍ چھ چلاونہٕ یوان؟
939,پریتی چھےٚ أکستس چھٹی پؠٹھ نیبر۔
940,تٔمۍ دژ أمس مصیبت نش بچاونہٕ خٲطرٕ نوکری۔
941,سُہ چھ اَمِہ ادارُک ڈایریکٹر۔
942,جھنڈٕ ٲسۍ ہوہس منٛز لہراوان۔
943,تہنٛز ناکامیو کوٚر سُہ پریشان۔
944,کیا تہۍ چھوٕ پنٛنہ تصدیٖقیہ ہنٛد انتظار کران؟
945,یہِ اوس جلدی یا پتہٕ گژھن وول۔
946,سۄ چھےٚ تَوانٲیی سۭتۍ بٔرِتھ۔
947,سہٗ چھٗ کرکٹ چیمپین رودمٗت۔
948,تٔمۍ لگٲو گاڑ رُکنہٕ خٲطرٕ جھنڈٕ۔
949,کِتابن ہِنٛز درجہٕ بٔنٛدی چھےٚ وُنیُک تام کرنہٕ آمٕژ۔
950,تٔمۍ دِیُت لۄکٹِس لڑکس دۄدھ ژھیٚنَس پؠٹھ لَتہٕ۔
951,ماجہ کوٚر سٲنس ژیرۍ نیبر روزنس پیٹھ ویٹو۔
952,سُہ چھُ بیانیہ ادبُک پروفیسر۔
953,اسہِ چھُ نہٕ توٚتام آبُک قۭمت زانٛہہ پے روزان یوٚتِتھ تام نہٕ کورِ ہوٚکھ آسہِ۔
954,أمۍ اوس اکھ پرٛانہ پلو لٲگتھ۔
955,پانٛژھ ؤری کھۄتہٕ کم وٲنٛسہ ہٕنٛدۍ شر چھ عموٗمن بسن تہٕ ٹرینن منٛز مفت سفر کران۔
956,مےٚ چیوو پننِس ناشتہٕ خٲطرٕ تھٔنۍ ہیتھ ژوٚٹ۔
957,ییٚتہِ فراہم کرنہٕ یِنہٕ وول کھین چھِ باقین نزدیکی دُکانو کھۄتہٕ بہتٔریٖن۔
958,تِمو کوٚر یہِ مسلہٕ حل کرنہٕ خٲطرٕ اکھ اِجتمٲعی نقطہٕ نظر اِختیار۔
959,اَتھ تالابَس منٛز چھِ کُریٚژھۍ دار حیوان۔
960,سُہ چھُ اکھ واریاہ جذبٲتی شخص۔
961,کھین حٲصل کرن اوس مشکل۔
962,شُرِس چھ کوٹھس زخم۔
963,جراحی تکنیکہٕ چُھ لگاتار بہتر بناونہٕ یِوان۔
964,یِمن تمام طریقن گژھہٕ درستگی ہنٛدِس حوالہٕ سۭتۍ تصدیق کرنہٕ یُن۔
965,أسۍ ہؠکو بسٹروہس برٛونٛہہ کنہ سمکھتھ۔
966,أمۍ سٕنٛدۍ مٲلۍ اوس أمس یہ کرنہٕ نش منع کوٚرمت۔
967,أمۍ سٕنٛد ہدایتہٕ مطٲبق چھُ مےٚ 10 بوتلن ہنٛد دودھ آرڈر کوٚرمت۔
968,مےٚ چھُ باغبانی واریاہ شفا بَخش باسان۔
969,تٔمِس چھِ پنٕنۍ کِتھ باتھ کرنُک طاقت روومٗت۔
970,أسۍ نیریو صرف تمہِ وزِ ییٚلہِ سڑکہٕ صاف آسُن۔
971,مےٚ چھ پننِس محبتس واریاہ یاد یوان۔
972,میٲنِس کلاسس منٛز چھُ ہتھ طٲلب علم۔
973,سُہ چھُ تفریحک شکار کران۔
974,اسہِ چھِ معذورَن خٲطرٕ حالات بہتر بناونٕچ ضرورت۔
975,تٔمۍ چھِ پنٕنۍ تمام دستاویز فائلنگ کابینہِ منٛز ذخیرٕ کٔرمٕتۍ۔
976,اکھ شر تہِ ہیٚکہِ یہِ سمجتھ۔
977,مےٚ ہیژٕ حالٕے منٛز اکھ نوٚو گَرِ
978,ییٚلہ بہٕ گرٕ ووتس مےٚ گوٚو پننس مٲلس سۭتۍ طلاق۔
979,مےٚ چھُ شک زِ سُہ یِیہِ یا نہٕ پارٹی منٛز۔
980,مازس منٛز چھ واریاہ پروٹین آسان۔
981,أمۍ سٕنٛز گاڑِ چھےٚ نٔوِس انجنٕچ ضروٗرت آسان۔
982,سُہ چھُ مےٚ اکثر سمکھان۔
983,یہِ کچرٕ کڑن مہٕ مٔرزِیو٘۔
984,سُہ چھُ اَکھ کلاس شاعر۔
985,گاڑِ ہُنٛد پیٹرول فیڈ چھُ بنٛد کرنہٕ آمُت۔
986,تہنٛدۍ پَلو ٲسۍ نہٕ تلخ موسمس خلاف۔
987,اسہِ ٲسۍ سٲحلس پیٹھ شرارت کھسان۔
988,یِم وٹامن گولہٕ کر ختم گٲمٕژ طاقت واپس۔
989,تٔمۍ چھِ مختلف ذٔریعہٕ سۭتۍ زانٛکٲری حٲصِل کٔرمٕژ۔
990,شینہٕ سۭتۍ آیہِ سڑکہِ ہنٛدِس تعمیرس منٛز رُکاوٹ۔
991,دٔلیٖلہِ منٛز چھُنہٕ پزرُک کانٛہہ تہِ نِشانہٕ۔
992,سہ آسہ ریلوے پلیٹ فارمس پیٹھ تۄہہ انتظار کران۔
993,پیکج چھُ 24 نومبرُک۔
994,مےٚ آو تٔمۍ سٕنٛز دویِم ناول پرنہٕ گۄڈنِچہِ کھوتہٕ زیادٕ مَزٕ۔
995,ٹٲر چِھ لگاتار استعمال کرنہٕ کِنہِ لاگنہٕ یِوان۔
996,یہِ مقدمہٕ آو سپریم کورٹس منٛز سوزنہٕ۔
997,تۄہہِ پزِ احمقانہٕ عملن منٛز ملوث گژھنہٕ نِش پرہیز کرُن۔
998,یہِ چھُ اکھ سُہ چیز یُس تکلیف دہ ویسیکیشنُک سبب چھُ بنان۔
999,مکانس نیبرٕ کِنہِ وو٘ن اکھ بو٘ڈ آواز۔
1000,زنانَن پَزِ حمل گژھنہٕ پَتہٕ احتیاط کَرُن۔
1001,أمہ سٕنٛدین لفظن چِھ دۄگنہٕ معنے۔
1002,میٲنِس گرس منٛز چھُ لامحدود تعدادس منٛز پین۔
1003,سُہ چُھ واریاہ بَدتمیز باسان۔
1004,اکھ عمارتک منصوبہٕ آو اتھارٹی طرفہٕ منظور کرنہٕ۔
1005,میٲنۍ بصارت چھےٚ دۄہ در دۄہ خراب گژھان۔
1006,تٔمۍ سٕنٛدِ اصل ارادٕ آسنہٕ باووٚجوٗد آو سُہ غلط سمجنہٕ۔
1007,اتھ کتھہ پیٹھ چھ سنجیدگی سان غور کرنچ ضرورت۔
1008,کھیل کِس مٲدانس منٛز ٲس واریاہ ربہ۔
1009,خطرٕ بے اثر کرنہٕ خٲطرٕ آیہ ضروری کاروٲیی کرنہٕ۔
1010,مےٚ چھُ فرانسیسی کھین پسند۔
1011,یہِ کٔدٕل بناونس لگہِ واریاہ وقت۔
1012,مےٚ ہیژ پانس خٲطرٕ اکھ نٔو سایکل۔
1013,کیٛاہ تۄہہ چھےٚوا اکھ چکر پوٗرٕ کوٚرمت
1014,یہ چھا سانہ ٹیبل؟
1015,اگر تُہۍ کارکُن جمع کٔرِتھ ہیٚکِو تیٚلہِ یِیہِ کٲم آسٲنی سان کرنہٕ۔
1016,تٔمۍ دیت أمس پارٹی منٛز شٲمل گژھنہٕ خٲطرٕ اکھ نوٹ۔
1017,سائنس چھِ ہمیشہٕ حقچ نشاندہی کرنچ کوشش کران۔
1018,سڑکہ پیٹھ چُھ مکانات تمام وقتہٕ لاگنہٕ یوان۔
1019,أمِس پؠٹھ چھ أکِس سخٕت جرمُک الزام لَگاونہٕ آمُت۔
1020,مےٚ کٔرِو دوست سٕنٛدۍ پٲٹھۍ برتاو۔
1021,بصری تصویر بنییہ حقیقی۔
1022,یِم لڑکہٕ چھِ واریاہ اصل کھلٲڑۍ۔
1023,سُہ چھُ ویٹر پٲٹھۍ کٲم کران۔
1024,ییٚمہِ ونٛدُک بہتٔریٖن خریدٲری چھُ گازر تہٕ مِٹر۔
1025,أمۍ سٕنٛدۍ اوٚش ٲسۍ زیٹھۍ۔
1026,تٔمہِ دِژ پنٛنِس خانٛدار سٕنٛدِ بٲیہِ سٕنٛزِ خانٛدارِنہِ سۄنہٕ چین۔
1027,ساینس دانن ہُنٛد اکھ گروپ آو تحقیقہٕ خٲطرٕ امریکہِ سوزنہٕ۔
1028,أسہِ ووت اَکہِ لَٹہِ تور۔
1029,بحری جہازس آو سٔہلاب تہٕ ہیوٚتُن ڈبٗن۔
1030,وکیلو کٔر اتھ معاہدس احتیاط سان جٲیزٕ۔
1031,تٔمِس باسیٛوو پٔتمہِ رٲژ پؠٹھٕ شرارتُک اَکھ ژَکھ۔
1032,تِم چھِ پنٛنیٚن گَلین رنٛگ کرنہٕ خٲطرٕ سنترُک اِستعمال کَران۔
1033,کیٛاہ تۄہہ چھےٚ کنہ مددٕچ ضروٗرت
1034,حکومت آیہِ اِتحادس منٛز بناونہٕ۔
1035,فساد گوٚو بطور پرامن احتجاج شروع۔
1036,یہِ وَتھ چھُ جنگلہٕ مٲرِتھ دریاوس کُن گژھَان۔
1037,ریل گٲڑ پٹری پؠٹھ
1038,ہارنہٕ پتہٕ تہِ اوس ٹیمَس منٛز حوصلہٕ بلند۔
1039,کمرس منز اوس اکھ میز کھڑا۔
1040,أسۍ ہؠکو اکھ بہتر حکمت عملی تیار کٔرتھ۔
1041,اتھ شہرس چھُ پٔتمہِ وقتُک اکھ الگ مزٕ۔
1042,کھیل اوس شاندار۔
1043,اسہِ کٔر مختصر کَتھ باتھ تہٕ پتہٕ درٛاو سۄ۔
1044,تمس پیٹھ اوس مجرمس مدد کرنُک الزام۔
1045,جانن کٔر پنٛنِس دوستس سۭتۍ پنُن موازنہٕ کرنٕچ کوٗشِش۔
1046,سہٕ کوٚر پیتھولوجی پنن اہم موضوع۔
1047,بہٕ چھُس سکول بینڈَس منٛز ٹرمپٹ وایان۔
1048,تۄہہِ کم میوٕ چھ پسند؟
1049,أسۍ درٛاو کوچ سۭتۍ ساحلس تام۔
1050,آواز آیہِ کمرٕ کہِ کٗنہِ ژوٗرِم حِصہٕ پیٹھہٕ۔
1051,جدید دُنیاہَس منٛز چھِ روحٲنی بلندی ہُنٛد امکان۔
1052,یہِ ٲس فوجس خٲطرٕ اکھ فتح۔
1053,تِمَو چھُ اکھ نوٚو نظام مُتعارف کوٚرمُت یَتھ منٛز تمام مُلٲزِمَن باقٲعدٕ تربیَت گژھُن۔
1054,سہ چھ واریاہن ؤرین تام سٲنۍ سامانُک خریدار۔
1055,مختصرا، ٲس یہ اکھ مایوس کُن کارکردگی۔
1056,أمس چُھ اپز وننک'عادت'گوٚمت۔
1057,وزیر اعظمن کٔر کتھ باتھ خٲطرٕ پنٛنِس کابینہ ہس سۭتۍ مُلاقات۔
1058,لو٘کٗس اوس فرشس پیٹھ۔
1059,أمۍ سنٛد خانٛدار چُھ أمس پیٹھ غلبہٕ تھاوان۔
1060,حٲدثہٕ کر گوٚو؟
1061,ژوٚٹ چھِ اوٹہٕ سۭتۍ بناونہٕ یِوان۔
1062,حالانٛکہِ اَسہِ دِتۍ تٔمِس پونٛسہٕ، مگر تٔمۍ ہیژِ نہٕ کِتاب۔
1063,رزِ کٔریو مضبوطی سان لکس اند اند ولتھ۔
1064,أمۍ سٕنٛدس کنس منٛز اوس آب۔
1065,صحافین ہند اکھ گروپ اوس عدالتس کُن پکان۔
1066,تٔمۍ کٔر پنٕنۍ غلطی تسلیم۔
1067,سُہ رود سراغ ژھانڈان۔
1068,تس چھ ڈھیل سوچ۔
1069,تو٘ہۍ چھِوٕ صبحٲے سٗلہِ کھسان؟
1070,کیٛاہ ژٕ ہؠکہٕ چارجر پلگ ان کٔرتھ
1071,أمس پزتہٕ کٲلس منٛز زیٹھ قمیض لاگنۍ۔
1072,نوٚو مُلٲزِم چھُ منصوبہٕ پیچیدٕ کوٚرمُت۔
1073,تمۍ سُنٛد جواب اوس متوازُن۔
1074,تٔمۍ یہِ ووٚن سُہ اوس صرف پانس سفید کرنہٕ خٲطرٕ۔
1075,کھیت چھِ سفید کِلوورَو سۭتۍ بٔرِتھ آسان۔
1076,مےٚ ووٚن اَتھ معاملس پیٹھ واضح بیان۔
1077,سۄ لۄکٕٹ کوٗر چھےٚ ہمیشہٕ خوبصورت تہٕ رنگین پلو لاگان۔
1078,أمۍ سٕنٛدیو جوکو کوٚر تناؤ کم کرنس منٛز مدد۔
1079,سۄ چھےٚ أکس مہلک بیمار منٛز مبتلا۔
1080,ملکہِ وکٹوریاہن کٔر 1837 پیٹھہٕ 1901 تام برطانیہس پیٹھ حکومت۔
1081,تَس چھُ اَکھ خوبصورت شکل۔
1082,مختٔلف تنظیمَن ہٕنٛدۍ نمایندٕ چھِ آمٕتۍ۔
1083,أمس چھ سیٲسی جمٲژ ہٕنٛزن اہم شخصیتن ہنٛز حمایت حٲصل۔
1084,مےٚ چھِ واریاہ اصل بصری میموری۔
1085,ایندھن چھُ رننہٕ خٲطرٕ استعمال یِوان کرنہٕ۔
1086,بنیلہٕ سۭتۍ پھٔٹۍ عمارتہٕ۔
1087,تٔمۍ دیُت باکسِنگ منٛز پنٛنِس مُخٲلِفس شِکست۔
1088,سۄ چھےٚ اکھ مریض بوزن واجیٚنۍ۔
1089,کُلۍ کٔٹۍ ٲسۍ شاندار۔
1090,ٹربیون چھِ پنٛنِس عملس سۭتۍ واریاہ مہربان۔
1091,اَتھ متعلق چُھ بہترین کتھ یہ زِ أسۍ چِھ ویڈیو کانفرنسن پیٹھ اکہٕ وٹہٕ کٲم کران۔
1092,یُس خلاف ورزی کر تس پزِ معٲفی حٲصِل کرٕنہِ۔
1093,سہ چھُ پننِس مستقبلس متعلق فکرِ مند۔
1094,سُہ چھُ اکھ سوداگر۔
1095,أسۍ چھِ پننِس رہنما سٕنٛز امہِ حرکتٕچ مذمت کران۔
1096,تم ٲسۍ ہنرِ مند، مگر تم ٲسۍ نظم و ضبط یژھان۔
1097,سُہ چھُ اَکھ بدکار اِنسان۔
1098,أمۍ ہوٗر پنن پین۔
1099,مےٚ چھُ یہِ ویڈیو پسند۔
1100,تمن چھ پلاٹ تار کرن۔
1101,تس چھُ وٗڑنَس نفرت۔
1102,تٔمۍ چھِ اَکھ مَزٕ دار خوشبو لگٲومٕژ۔
1103,أمس چھ دزن بخار۔
1104,ہوٹل چھُ الٹرا ماڈرن فرنشنگ سۭتۍ سجاونہٕ آمُت۔
1105,یہِ چھُ شایَد تہنٛزن کامین منٛز ساروِی کھوتہٕ زیادٕ مشہوُر۔
1106,کیا یہ چُھنہٕ اکھ خوشگوار صبح؟
1107,سۄ چھےٚ تمہ وز ناراض گژھان ییٚلہ کانٛہہ أمس پیٹھ تنقید چھ کران۔
1108,تمۍ سٕنز آواز ٲس جذباتو سٕتۍ برِتھ۔
1109,سٲنس گاڑ منٛز چھنہٕ ٹرک ننہٕ خٲطرٕ کٲفی طاقت۔
1110,نٔتیٖجہٕ چھُ ٹیبلولر شکلہِ منٛز پیش کرنہٕ یِوان۔
1111,سُہ اوس ٹورنامنٹُک بہتٔریٖن کھلٲڑۍ۔
1112,ڈَبہٕ گژھَن لٔکرِ سۭتہِ بناونہٕ یِنہِ۔
1113,مریض چھِ وٕنہِ تہِ انکارَس مَنٛز۔
1114,تٔمۍ چھِ کیٚنٛہہ کِتابہٕ لیٚچھمژٕ۔
1115,مےٚ چُھنہٕ ریس کرٕنہِ پسند۔
1116,تٔمۍ ؤنۍ پوٗرٕ دٔلیٖل واضح پٲٹھۍ۔
1117,تمۍ سٕنز آواز ہنز کمزوری سٕتۍ گوس بہٕ حٲران۔
1118,سون جہازٕ چُھ وارفس کُن گژھان۔
1119,مٹھایہ وچھِتھ آو تس ٲسس آب۔
1120,سۄ چھےٚ ہسپتالس منٛز۔
1121,تفتیشی ایجنسی کوٚر أمۍ سٕنٛدۍ اثاثہٕ ضبط۔
1122,مہمانن علاوٕ آسن أسۍ ترٛےٚ دپہرٕ کہ کھینہٕ خٲطرٕ۔
1123,بہٕ ہیٚکہٕ نہٕ تۄہہِ پؠٹھ بیٚیہِ انحصار کٔرِتھ۔
1124,سُہ چھُ بیمارَن ہٕنٛدِ وجہ سۭتۍ خطرناک۔
1125,تٔمۍ کوٚر مےٚ بۄن بیہنُک اشارہ۔
1126,مہربٲنی کٔرِتھ ہؠکَن ٲپرٕ فورا بنٲوِتھ۔
1127,اَسہِ چھِ آتھوارِ دۄہ خانٛدرَس منٛز شٲمِل گژھُن۔
1128,أمۍ سٕنٛدس اَتھس منٛز ٲس اکھ زبان۔
1129,بہٕ چھُس تۄہہِ گٲڑۍ چھلنَس منٛز مدد کران۔
1130,فوجس آو برٛۄنٛہہ پکنُک حُکم دِنہٕ۔
1131,ہوٲیی اڈَن پؠٹھ چھِ واریاہ پورٹر لبنہٕ یِوان۔
1132,میون فون اوس وایبران۔
1133,پُلیٖس چھِ أمِس پَتہٕ دراندازی کَران۔
1134,دۄنوَے واقعہٕ گیہ مُتصادم لہاذا پیوٚو اَسہِ اکھ نہٕ کرٗن۔
1135,دروازٕ سۭتۍ گوٚو أمس بٗتھس ٹاس۔
1136,یہِ پروگرام چھِ پرٛیتھ ہفتہٕ لچھ بٔدۍ وٕچھن وٲلۍ پانَس کُن متوجہ کران۔
1137,مےٚ وچھ أمۍ سٕنٛدس کمرس منٛز اکھ ڈول۔
1138,کور کوٚر دلیل زِ تمہِ وچھ اکھ بھوت۔
1139,تٔمِس ٲس بطورِ سمندری کپتان پنٛنہِ زِندگی ہِنٛز جنگی دٔلیٖلہٕ ونٕنۍ پسند۔
1140,مہربٲنی کٔرِتھ کٔریو اَکھ گہرٕ شاہ۔
1141,کینٛہہ کیمیکل چِھِ آسٲنی سان خونَس منٛز جذب گژھَان۔
1142,یعنی تِمن پزِ اَتھ طرفس کُن بڑُن۔
1143,ادارک پرنسپل چھِ ارکانَن منٛز واریاہ مقبول۔
1144,بیمار تہٕ زخمی آیہ جنگی علاقہٕ منٛزٕ کڑنہٕ۔
1145,یوتاہ زیادٕ نیک آسہِ تیوتاہ چھُ زیادٕ شائستہِ۔
1146,مےٚ گوٚو دیوارس سۭتۍ ٹکراو تہٕ مےٚ گوٚو کلس زخم۔
1147,اَتھ علاقَس منٛز چھُ فرقہ وارانہٕ تناؤ پٔھہلیومُت۔
1148,ہڑتال چھُ سانہ معاشرَس منٛز اَکھ دۄہ دِش واقعہ۔
1149,ہوٲیی جَہاز چھُ پیٹرول سۭتہِ بٔرِتھ آسان۔
1150,تہنٛد نوٚو گرٕ چھُ واریاہ سوش۔
1151,تٔمۍ کٔر مرضی تہٕ پرٛؠتھ چیز گوٚو اَتھہِ مُطٲبِق۔
1152,اتھ معاملس ییہ تحقیقات کرنہٕ۔
1153,بجلی ہٕنٛدۍ تار چھ کلہ ہٕنٛزن لنجہ أنٛدۍ پٔکھۍ بلب لٹکاونہٕ خٲطرٕ لگاونہٕ آمٕتۍ۔
1154,پَن چُھ تَتھ جایہِ پھٹان ییٚتہِ یہِ سارِوٕے کھۄتہٕ کمزور آسہِ۔
1155,اکھ اِسن ہیکہِ بٗتھس چمکٲوِتھ۔
1156,سانہِ کالونی منٛز چھےٚ اکھ بٔڑ پارک۔
1157,کٲم ہیکہ سازگار حالاتن منز مکمل گژھتھ۔
1158,یہِ کُل چھُ جونَس منٛز پوٚش کران۔
1159,سُہٕ چُھ پانژم منزلس پیٹھ روزان۔
1160,بسہِ منٛز چھےٚ برٛونٛہہ کُن سیٹہٕ زنانن خٲطرٕ مخصوص آسان۔
1161,أمۍ چھُ اَکھ شال لٲگتھ۔
1162,شرِ اوس ننگے۔
1163,یہ چھ تھوڑا تنگ۔
1164,ترٛےٚ ہونۍ چھِ ساحلَس پیٹھ پکناوان۔
1165,زٕ جاسوٗسی ٲسۍ أمِس پتہٕ پکان۔
1166,سۄ ٲس تعریٖف سۭتۍ خۄش باسان۔
1167,تِمَو کوٚر موسیقی سۭتۍ ڈراما ختم۔
1168,سُہ چھُ اکھ پاگل۔
1169,سوداگر ٲسہِ پنٗن اوٹ نونہٕ سٕتہِ کھاران۔
1170,اے پی حکومت چُھ تعلیمی مقصد خٲطرٕ مزید فنڈ مفت کرنُک اِرادٕ تھاوان۔
1171,وٕنہلۍ سۭتۍ گٔیہِ بوزنہٕ یِنہٕٕچ صلاحیت واریاہ محدود۔
1172,تٔمۍ کٔرۍ حفاظت کرن وٲلِس کُن مُفت دٲخلہٕ خٲطرٕ زاویہ۔
1173,مےٚ تھٲوۍ پنٕنۍ تمام زیورات المارِ منٛز۔
1174,نیوٹنَس آو اکھ شاندار خیال ییٚلہِ سُہ ژونٹھُک آب و ہوا ؤچھَان اوس۔
1175,ٹیچرن کٔر طٲلِب علمَن خبردار زِ تِم گژھن نہٕ غلطی دٗبارٕ۔
1176,اکھ انجینئر ہیکہ یہٕ مسلہٕ حل کٔرِتھ۔
1177,سُہ اوس زیادٕ ہُنر مند تُلوار باز۔
1178,سُہ چھُ عوٲمی طور پنٕنۍ کٲم کرٕنۍ یژھان۔
1179,سہ چھ کلاسیکی اداکارن منٛز شٲمِل۔
1180,مےٚ چھِ پننین سٲتھین ہِنٛدۍ تمام پتہ۔
1181,تٔمہِ او٘ن پانس خٲطرٕ اکھ نوٚو کوُتل یٗس واریاہ نرم اوس۔
1182,یہِ کٲم چھُ ریتہٕ مۄکلنہٕ برٛونٛہہ مُکمل کرٕنۍ ضروری۔
1183,مےٚ کٔر دۄن دۄہن ہٕنٛز ورکشاپس منٛز واریاہ زانٛکٲری حٲصِل۔
1184,أمۍ سُنٛد مرن چھ اکھ راز۔
1185,تیم سُند اکاؤنٹس ٲس تجربأتی حقائقس پیٹھ مبنی۔
1186,میزایل آیہِ دٗشمن کین کیمپن پیٹھ تھونہٕ۔
1187,تٔمۍ کوٚر کٔہر منٛز آب پمپ کرنہٕ خٲطرٕ اکھ موٹر استعمال۔
1188,تٔمۍ کوٚر شانٛگہِ ورٲیہِ شۄنٛگنٕچ کوٗشش کرنُک فٲصلہٕ۔
1189,أمس چھ واریاہ اصل اخلاق۔
1190,وارِیاہ پناہ گٗزین چھِ پاسپورٹ ورٲیہ سرحدس پیٹھ وٲتِمٕتہِ۔
1191,سۄ ٲس پننس قسمتس پیٹھ ودان۔
1192,ییٚلہ اکھ اجنبی أمۍ سٕنٛدس گرس منٛز اژ، أمۍ ووٚن مدد خٲطرٕ۔
1193,تِمو لگٲوۍ جنگلس منٛز کُلۍ۔
1194,بہٕ اوس زبانن ہنٛدِس ارتقاہس پیٹھ کٲم کران۔
1195,آپریٹرَن کوٚر فورا بل پیش۔
1196,اِسلِم تہٕ بیٚیہِ زٕ نفر آیہِ پٔتمہِ رٲژ میانہ جایہ۔
1197,لُکھ چھِ پوٗزا کرنہٕ خٲطرٕ مختلِف مذہبی مقامن پیٹھ گژھان۔
1198,مریضس آو آپریشن کرنہٕ۔
1199,ہسپتالس منٛز ٲس لوکن ہِنٛز اکھ زیٹھ فایل۔
1200,متعلقہٕ لٗکھ آیہ ہسپتالس منٛز پننؠن رشتہٕ دارن وٗچھنہٕ۔
1201,اَتھ ٹیبلَس چھِ پرٛؠتھ طرفہٕ نوٚن کنارٕ۔
1202,کچھوٕ ہیکن آبس تہٕ زمینس دۄشوٕنی منٛز زِندٕ روزِتھ۔
1203,یٗتھ سور مہٕ بنییہِ۔
1204,انکم ٹیکسُک تشخیص کرَن وول آو دفترَس منٛز اچانک چیک کرنہٕ خٲطرٕ۔
1205,سٲنۍ زرعی پیداوار اوس اصل مون سون کہ وجہ سۭتۍ اصل۔
1206,یہ چُھ از کل اکھ ریواج لفظ۔
1207,مُجرمن آو سزا دِنہٕ تہٕ اوٚن کرنہٕ۔
1208,تِمَن لۄکٹؠن بانَن منٛز چھِ پوش اصل پٲٹھۍ پھولان۔
1209,أمس چھ ڈاون ایٹ ہیل باسان۔
1210,تٔمۍ ہیوٚت جلدی أمِس تھکُن۔
1211,ماجہٕ چھِ پننین بچن ہنز حفاظت کران۔
1212,تفتیشس منٛز گوٚو أمۍ سنٛد دعوا غلط ثٲبت۔
1213,تٔمِس پیوٚو پنٛنِس مُخٲلِف سٕنٛدِ طرفہٕ سخٕت تنقیدُک مُقابلہٕ کَرُن۔
1214,یَتھ مُلکس منٛز چُھِ لُکھ سیاستس منٛز سرگرم دِلچسپی نِوان۔
1215,"امپایرن ووٚن، ""یہِ ٲس اکھ وسیع بال""۔"
1216,یِم زٕ دٔلیٖلہٕ چھےٚ لگ بگ ہِوی۔
1217,تو٘ہہ چھوٕ نہٕ أمہ سٕنٛز کامیٲبی ہٕنٛدس وسعتس تعریف کران۔
1218,سُہ چھُ شہرُک مشہوٗر ونٹنَر۔
1219,أمۍ سنٛد سفید بٗتھ اوس خوبصورت باسان۔
1220,تمہِ ووٚن خبردار کٔرِتھ زِ یہِ مہٕ کٔرِیو بیٚیہِ۔
1221,لُکھ چھِ ہفتہٕ کِس ٲخرَس پؠٹھ نیران۔
1222,یٗتھٗیہ فِلِم شروُع گٔیہِ تھیٹرَس منٛز گیہ گاش کم۔
1223,مندرن منٛز چھُ صبحس گھنٹی واینہٕ یِوان۔
1224,ٹوٗٹ اوس غٲر قونوٗنی طور ٹِکٹ کٕنان۔
1225,أمۍ سنٛد استاد چھ أمس گرس منٛز ہیٚچھناوان۔
1226,أمۍ فلمہ کوٚڑ مےٚ حیرت۔
1227,یوٚتام تِم گرٕ وٲتہِ سُہ اوس مودمُت۔
1228,داریَن ہُنٛد اضافہٕ سۭتۍ چھُ وینٹیلیشن بہتر گومُت۔
1229,میانہ ماجہ ہیژ مےٚ خٲطرٕ اکھ واٹر پروف گر۔
1230,طٲلب علِم ٲسہِ کلاسس منٛز پھسراوان۔
1231,تٔمِس چُھِ انگریزی زبٲنہِ ہنٛز اصل تفہیم۔
1232,کینٛہہ پرِندٕ چھِ پنٕنۍ بٲتھ ٹریل کران۔
1233,لُکرِ ہٕنٛدۍ لبہٕ چھِ اکثر گرٕ بناونَس منٛز استعمال یِوان کرنہٕ۔
1234,رامس مِیول شاعری ہِنٛدِس مُقابلس منٛز 5000 روپیہ انعام۔
1235,سہ چھ وٲحد دکان چلاوان۔
1236,سُہ چُھ ہمیشہٕ پنٛنیٚن شرطن پؠٹھ غور کَران۔
1237,کٗلہِ چھِ ہوا صاف کرنَس منٛز مدتھ کران۔
1238,کینٛہہ فوجی رود دۄن ہفتَن تام فرلو پیٹھ۔
1239,تۄہہِ چھنہٕ ٹُھک ٹھک کرنٕچ ضٔروٗرت-صرف اژیو٘۔
1240,تٔمِس آو پنٛنہِ حالیہ اِشاعتہٕ خٲطرٕ تاجپوشی کرنہٕ۔
1241,تمہِ کوٚر پنُن سامانہٕ سوٚمبرِتھ تہٕ درٛاو۔
1242,امتحانُک نٔتیٖجہٕ آو نوٹَس بورڈَس پؠٹھ پوسٹ کرنہٕ۔
1243,بیمٲرِ ہِنٛزن علاماتن منٛز چھِ یڈٕ ہنز دگ تہٕ درۄکھ شٲمِل۔
1244,ٹیچرن دیُت خاموشی ہُنٛد حُکم۔
1245,کیا ژٕ ہیٚککھا بوتلک کارک کھولتھ؟
1246,أمۍ سٕنٛز مجرمانہٕ سرگرمی ہیٚکہ نہٕ کانٛہہ تہ رکٲوتھ۔
1247,اتھ تقریبس چھ واریاہ علامتی اہمیت۔
1248,حالانٛکہ أمس چھنہٕ پرواز پسند، مگر تٔمۍ کوٚر پٔتمہ ؤریہ اٹلی دورک مزٕ۔
1249,أمۍ سٕنٛز آواز چھےٚ تقریبا پرٛؠتھ کٲنٛسہ پریشان کران۔
1250,سُہ چھُ اکھ اِنتِقام نِنہٕ وول اِنسان۔
1251,تِم چھِ گامَس منٛز اکھ نوٚو سکول بناوان۔
1252,تٔمۍ کوٚر نٔوِس عمارتس منٛز اکھ دفتر کِرایس پیٹھ۔
1253,جنگل چھ خوبصورت۔
1254,وٗنل کُنہِ کم بوزنہٕ یِنہٕ کِنہِ ٲس سڑکہِ خٲلی۔
1255,تمہِ سٗنٛد دِل اوس تیز دٗبراوان۔
1256,مےٚ چھےٚ پنٕنۍ بین یاد یوان۔
1257,سۄ چھےٚ خانٛدرٕ پتہٕ اَکھ خۄش زِندگی گُزاران۔
1258,پلیز مےٚ سوز میٲنۍ دستاویز
1259,بہٕ چُھس یژھان ذٲتی طور تُہُنٛد شُکریہ ادا کرُن۔
1260,دشمن سُنٛد ٲس چھُ کُنہِ ساتہٕ جان بولان۔
1261,تِمَو کٔر مےٚ توٚملٕچ اکھ ضیافت پیش۔
1262,بیٲلہ تھٲوو أکس ڈبس منٛز۔
1263,اکھ مثلث چھُ ترٛیٚیَو طرفو۔
1264,گھرٕچ تشکیل ٲس از مکمل۔
1265,تِمَو چھُ شہرَس منٛز اکھ نوٚو دفاع کوٚرمُت۔
1266,بحث غلط بناونہٕ خٲطرٕ آو تِمَن پؠٹھ حملہٕ کرنہٕ۔
1267,یہِ علاقہٕ چھُ مجرمو سۭتۍ بٔرِتھ۔
1268,کیٛاہ ژٕ ہؠکہٕ یہِ ژھۄٹھ کٔڑِتھ؟
1269,تٔمۍ تھوٚو ٹیبلس پیٹھ ٹرٛے۔
1270,أسہِ گُزٲرِ اکھ اصل شام کین٘ہہ ونو چیتھ۔
1271,امتحان مٗکمل کرنہٕ پتہٕ چلٲوِ تٔمہِ کِتاب ہواہس منٛز۔
1272,اَسہِ پزِ پننہِ زِندگی منٛز پر امید آسٗن۔
1273,آفتاب لوسنہٕ پتہٕ گژھِ درجہ حرارت کم۔
1274,تِم چھ اصل خدمت فراہم کران۔
1275,سۄ چھےٚ واریاہ پرجوش تہٕ پرجوش۔
1276,بہٕ چھُس نہٕ پسند کران زِ لوکھ چھُ میون آتھوار دُپہر خراب کران۔
1277,سُہ اوس راتھ نٔتیٖجہٕ پتہٕ تصدیٖق کرنُک دعوا کران۔
1278,سُہ آو حالٕیہ نوکری پیٹھہٕ برخاست کرنہٕ۔
1279,ججن ووٚن وِکیلس مُقدِمہٕ جٲری تھاونہٕ خٲطرٕ۔
1280,أسۍ ٲسۍ سٲری دروازس کُن گژھان۔
1281,تمو کوٚر میٹا فزکل تھیوری پیٹھ اکھ مقالہ شائع۔
1282,بہٕ چھس پزی أمِس واریاہ مقروض۔
1283,سۄ ودن تکیاز أمۍ سنٛد بوے اوس أمس واریاہ چھیڑان۔
1284,سۄ چھےٚ واریاہ بور۔
1285,سُہ چُھ اکہ جایہ پیٹھٕ بییس جایہ تام ژلان۔
1286,بہٕ چُھس اَمِہ پیشکش سۭتۍ واریاہ خوش۔
1287,اختیار چھ مقٲمی حکامن دِنہٕ آمت۔
1288,یِمن دۄن مسلن درمیان چھنہٕ کانٛہہ تعلق۔
1289,سُہ اوس واریاہ کالَس دٔریاو بٔٹھِس پؠٹھ بِہِتھ۔
1290,یِم جملہٕ تُہۍ بناوان چھو تِم گژھن بامعنی آسٕنۍ۔
1291,سگریٹ چوٚن چھُ صحتس خٲطرٕ نۄقصان دُہ۔
1292,عوام ہؠکہِ مَشہوٗر قٕلعہٕ وُچھِتھ۔
1293,تَتہ گژھن چھ نہٕ ضروری۔
1294,مےٚ چھِ باسان زِ سۄ چھےٚ مےٚ پسند کران۔
1295,یہ تھٲیو المار پیٹھ۔
1296,گلوکارَن ہٕنٛزَن لاشَن آو گرمجوشی سان استقبال کرنہٕ۔
1297,حالات چھُ مےٚ یہِ کرنہٕ خٲطرٕ مجبور کران۔
1298,اسہِ چھُ دیوارٕ سجاونہٕ خٲطرٕ رنگین چک ضرورت۔
1299,تٔمۍ کوٚر کیلن ہُنٛد وزن کرنہٕ خٲطرٕ اکھ پیمانہٕ استعمال۔
1300,زٕ ملک ٲسۍ نسلی بنیادن پیٹھ تقسیم کرنہٕ آمٕتۍ۔
1301,تمہِ ہیژ اکھ ہیرٕ لٲگِتھ او٘نگن۔
1302,امہِ سافٹ ویئر بناوُن وٲلِس آیہ تعریٖف کرنہٕ۔
1303,بابا اوس یونیورسٹی منز کیمسٹری ہُند پروفیسر۔
1304,انیلن کٔر آی آی ٹی کانپور پؠٹھٕ گریجویشن۔
1305,تٔمۍ سٕنٛدۍ بیان ٲسۍ غلط وقتس پؠٹھ۔
1306,سکوٗٹر پھٗٹ تِکیازِ بریک آیہ اچانک بنٛد کرنہٕ۔
1307,سردی نِش بچنہٕ خٲطرٕ کٔرِو کمبل دۄگنہٕ فولڈ۔
1308,حٲدثہٕ گوٚو پانٛژھِ بجہِ۔
1309,ییٚلہِ اتھ علاقس منٛز بنیل آو واریاہ لُکھ آیہِ ییٚتہِ زِندٕ دفن کرنہٕ۔
1310,سُہ آو کمپنی ہُنٛد صدر منتخب کرنہٕ۔
1311,مےٚ چھُ شیلف منٛز کانٛہہ تہِ کتاب ضروٗرت۔
1312,زٕ عمارتہٕ آسہٕ تقریبا 50 میٹر کِس فٲصلس پیٹھ۔
1313,بہٕ گوس مایوسی ہنٛدس أکس چکرس منٛز پھسنہٕ آمت۔
1314,اتھ حٲدِثس منٛز گٔیہِ ترٛےٚ نفر ہلاک۔
1315,گنٛڈٕ چھ مُقٲمی بَسکیٖنَن پؠٹھ حِکُمرٲنی تھاوان۔
1316,پارکہِ منٛز اوس لڑکہٕ خوشی سان گِنٛدان۔
1317,از صبحٲے ٲس تۄہہِ خٲطرٕ پوسٹ۔
1318,تمہِ سمبھول دفترٕچ ذِمہٕ دٲری ییٚلہِ افسر دور اوس۔
1319,مےٚ چھُ کینٛہہ ڈٔلۍ کاغذ ضروٗرت
1320,شرارت چُھ بٲرش اچانک رود پینس پیٹھ۔
1321,پرنسپلن کوٚر اجتماعُک استقبال۔
1322,ذہانت چھُنہٕ تمام کوُششن منٛز کامیٲبی ہنٛز ضمانت دِوان۔
1323,سۄ چھےٚ وارٕ وارٕ تہٕ درست پٲٹھۍ کٲم کران۔
1324,کارخانَس منٛز ٲس افرادی قوتٕچ کٔمی۔
1325,یتھ ہوٹلس منٛز أسۍ رودمٕتۍ ٲسۍ سُہ اوس بالکل بہترین۔
1326,یہِ معاملہٕ ہیٚکہِ وزیرِ اعظم سٕنٛز ساکھ خراب کٔرِتھ۔
1327,تِم یُس تہِ ژار، اَسہِ پَزِ تِہُنٛد فٲصلہٕ قبول کَرُن۔
1328,تٔمۍ دیُت پنٛنہِ کورِ سۄنہٕ سُنٛد اَکھ سِکہٕ۔
1329,گٲڑۍ چلاونہٕ وِزِ زِیٛادٕ تھکاوَٹ ہیٚکہِ ہلاک کٔرِتھ۔
1330,تٔمس اوس شک ز سۄ ٲس أمس طنز کران۔
1331,کرکٹ چھُ ہندوستانَس منٛز سارِوٕے کھۄتہٕ مشہوٗر کھیل۔
1332,تِم آیہ مکان مٲلکس خٕلاف داواہ معاف کرنس پؠٹھ دستخط کرنہٕ خٲطرٕ آمادٕ کرنہٕ۔
1333,أسۍ چھِ ژوٗرِمس منزلس پیٹھ روزان۔
1334,تٔمۍ کٔر مےٚ سۭتۍ پٔزۍ پٲٹھۍ اکھ خراب چال۔
1335,کورین کوٚر پنُن بیگ تبدیل۔
1336,أسۍ روٗدۍ أکس شاندار ہوٹلس منٛز۔
1337,أمس چھ دٔچھنہ ٲچھ بوزنس منٛز کٔمی۔
1338,بہٕ چھس نہٕ صرف پنٕنۍ نوکری بچاونہٕ خٲطرٕ أمس سۭتۍ کتھ کرنہٕ خٲطرٕ تیار۔
1339,بندوٗقن ہِنٛز آواز چھےٚ مےٚ خوفس منٛز وِلان۔
1340,چائے منٛز کٔرِیو کھنٛڈ شٲمِل ییٚلہِ یہِ وۄتھَرُن۔
1341,تِم چھِنہٕ کینٛہہ تہِ مگر جنگ پسند لوکَن ہُنٛد اکھ گروپ۔
1342,أمس گوٚو پے ز أمۍ چھ أمس دھوکہ دیتمت۔
1343,کانگریسی کر پگاہ پَنُن تقریر۔
1344,مےٚ چھُ یہِ خوبصورت بلی ہُنٛد بچہِ پسند۔
1345,نارٕ سۭتۍ گوٚو واریاہ نۄقصان۔
1346,بہٕ ژھنہٕ گۄڈٕ پنٕنۍ اتھن ولِتھ۔
1347,نوٚو پروفیسر چھِ پننِس رویس منٛز واریاہ آزاد۔
1348,أسۍ کریو یہ حٲصل کرنہٕ خٲطرٕ انتھک کوشش۔
1349,سُہ چھُ ونکیٚنَس چینَس منٛز ہندوستانُک سفیر تعینات۔
1350,نشریاتی سٹیشن چھُ شہرٕ پیٹھٕ دور واقع۔
1351,أمِس چھ رؠوٲیتی بٲتھ گیون پسند۔
1352,مےٚ چھِ أمۍ سٕنٛدۍ خیالات بے معنی باسان۔
1353,پگاہ چھ أمۍ سنٛد وہم زینہٕ دۄہ۔
1354,تحفن چھُ شُر ہمیشہٕ استقبال کران۔
1355,واریاہ لُکھ چھِ از کل امنیشیاہُک شکار گٔمٕتۍ۔
1356,سُہ گوٚو اکہ خطرناک انفیکشنُک شکار۔
1357,أمۍ سٕنٛدۍ پیٚتٕر کٔر أمۍ سٕنٛد ٹیوشنک کیٚنٛہہ حصہٕ دنہٕ خٲطرٕ رضامندی ظٲہر۔
1358,پکھشن ہنٛد اکھ ریوڑ گوٚو ؤلۍ ؤلۍ وۄڑتھ۔
1359,سُہٕ اوس نہٕ پننہٕ سوالُک جواب دِیُن یژھان۔
1360,مےٚ چھُ أکِس دۄہس اندر واپس گژھُن۔
1361,تٔمۍ کٔر پنٕنۍ فیس معاف کرنَس پؠٹھ رضامندی ظٲہر۔
1362,تُہۍ ہیٚکِو باڈِو کہِ کھلنہٕ چہِ جایہِ منٛزۍ گژھتھ۔
1363,اَز کل چھِ پرٛیتھ چیزَس مشینی بناونُک رُجحان۔
1364,مےٚ چھُ کیکُک بیاکھ اکھ ٹُکرٕ یژھَان۔
1365,میڈیاہَن کٔر اَمہِ واقعٕچ بٔڑِس پیمانَس پؠٹھ کوریج۔
1366,اَمہِ مشہوٗر بٲتُک موسیقار چھُ اکھ نوجوان۔
1367,تٔمِس چھُ شاعری پرنہٕ ہُک اکھ خاص انداز۔
1368,اَسہِ چھُ ناو سٲحلَس پیٹھ واتنہٕ خٲطرٕ اکھ صحیح جاے ژھانڈٕنۍ۔
1369,مہربٲنی کٔرِتھ پر کاغذس پؠٹھ جاے۔
1370,یٗتھ کمزور مہٕ بنییہِ۔
1371,مےٚ ٲس نہٕ نتیجن ہِنٛز فِکرِ۔
1372,مےٚ چھُ سافٹ ویئر لوڈ کرُن۔
1373,سہ چھ زمینس پیٹھ ڈھیر لگاوان۔
1374,تمہِ سٕندین پلون ٲسہِ خوبصورت اندٕر اندٕ۔
1375,کیٛاہ مےٚ چھےٚ ویزا ضروٗرت
1376,سُہ اوس ودان تِکیازِ تَس ٲس زنٛگہِ دَگ۔
1377,اسہِ ہیتہ دیوالی خٲطرٕ شیشہٕ بلب۔
1378,بہٕ نیہ أمۍ سُنٛد پرس۔
1379,سُہ اوس پنٛنہِ کامیٲبی سۭتۍ خوش۔
1380,ییٚلہِ سۄ خوفناک خبر بوزان ٲس سۄ گٔیہِ بے٘ ہوش۔
1381,سُہ اوس تحریکہ ہُنٛد عملی رہنما۔
1382,گولی لوٚگ تَس اَتھس۔
1383,مے٘ سوٗزیا تۄہہ درخاست؟
1384,سون گرٕ چُھ مغربس کُن۔
1385,فساد چھُ عام عوامس نقصان واتان۔
1386,مےٚ چھُنہٕ پیاز پسند۔
1387,یہِ وَتھ چھےٚ واریاہ ہموار۔
1388,تم چھ أکس وورٹیکسس منٛز پکان۔
1389,أمس چھ نہٕ ونیک تام معاوضہٕ میولمٗت۔
1390,ہندوستانَس منٛز چھُ حکومتُک اکھ جمہوری نظام۔
1391,ٹیرا اوس جوٲہرن تہٕ موتیو سۭتۍ بناونہٕ آمُت۔
1392,بہٕ چھس ہمیشہٕ تٗہند۔
1393,کُنہِ پارٹی منٛز واریاہ جلدی واتن چھِنہٕ اصل۔
1394,أمۍ سنٛد مقٲمی انداز چُھ پرٛؠتھ کانٛہہ پسند کران۔
1395,پزر اوس واریاہ تکلیف دہ۔
1396,اسہ دیُت تمۍ سٕنٛدِ کڑنس پیٹھ ردعمل۔
1397,مےٚ چھُ پنٕنۍ بینہِ رٹنہٕ خٲطرٕ ایئرپورٹ گژھُن۔
1398,نون چُھ شیشہ منٛز آسان۔
1399,بہٕ ؤنۍ نتیجہ ٹیلی گراف کہ ذٔریعہٕ۔
1400,درحقیقت ٲسۍ تم سیٲسی جنگہٕ خٲطرٕ پونٛسہٕ جمع کران۔
1401,میون بوے چھ اسہ پیٹھہٕ کٕنہ فلیٹس منز روزان۔
1402,کیرالہِ ہس منز چھُ آبٲدی ہُندِ گنیرِ وارِیاہ زیادٕ۔
1403,نوٚو مکانہٕ چھِ قبضہٕ خٲطرٕ تیار۔
1404,گیزر چھُ کم وقتَس منٛز آب گرم کرنہٕ خٲطرٕ اکھ آسان آلات۔
1405,سُہ چُھ ہمیشہٕ پنٛنہِ کامیٲبی مُتعلِق کتھ کران۔
1406,بچہٕ سندۍ ودنن ہِیو٘ر تس ہِیو٘ر۔
1407,کینٛہہ کُلۍ کٔٹۍ چھِ آبہٕ سۭتۍ بٔرِتھ میژِ منٛز زِندٕ روزِتھ ہیٚکان۔
1408,سون فٹ بال کوچ چُھ ٹیمس تربیت دِوان۔
1409,یہِ فٲصلہٕ اوس صِرِف مٲلی لین دین خٲطرٕ کرنہٕ آمُت۔
1410,بہٕ ہیٚکہٕ نہٕ گاڑِ ٹاسنہٕ نِش بَچِتھ۔
1411,تِمَو ترٛوو داہ ؤری برٛونٛہہ یہِ مکانہٕ۔
1412,سرکٲرۍ دفترَن منٛز چھِ بٔڑِس پیمانَس پؠٹھ رشوت خوری۔
1413,تِم ٲسۍ کرکٹ تپھ کِس زدَس منٛز۔
1414,یہِ جاے چھےٚ دھماکہِ خیز مواد ذخیرٕ کرنہٕ خٲطرٕ مخصوص۔
1415,سۄ ہیچ نہٕ مزید پنُن اَسن رٗکٲوِتھ۔
1416,اتھ دانشمندانہٕ منصوبس پیٹھ گژھِ نہٕ تۄہہِ کانٛہہ تہِ اعتراض آسُن۔
1417,سڑکہ پیٹھ چھ پہاڑس کُن ہوا پکان۔
1418,مہربٲنی کٔرِتھ أنو زٕ ڈور بنڈل۔
1419,سۄ ٲس پنٕنۍ کُنز چین نژناوان۔
1420,تٔمِس گوٚو کار حٲدثہٕ۔
1421,تس چھُ اکھ پر کشش شخصیت۔
1422,تارک دویِم اند تھٲوِو لوپ کہِ ذریعہٕ۔
1423,پنٕنۍ فرض مہ کٔریو نظر انداز۔
1424,تٔمۍ دیُت پنٛنہِ مرضی سۭتۍ استیفا۔
1425,بہٕ کر پنُن پونٛسہٕ بینکس منٛز ڈِپازٹ۔
1426,یہ چھ صاف آب۔
1427,اتھ کمرس مَنٛز چھِ واریاہ مچھہٕ۔
1428,تمۍ سُنٛد زینہٕ گوٚو اکھ اصل شگون ثٲبت۔
1429,ییٚلہِ سۄ سٗلہِ ووت تمہِ کو٘ر تس حٲران۔
1430,مےٚ چھُ اَپُز وَننہٕ سۭتۍ نفرت۔
1431,تتہِ ٲسہِ مُختٔلِف پَلو۔
1432,اراکینَن آیہِ شٲعر سٕنٛز شانٛدار موجودگی سۭتۍ عزت افضٲیی کرنہٕ۔
1433,سُہ چِھ أکس چھتس منٛز أنٛدۍ پٔکھۍ وٕڑان۔
1434,ہوٲئی جہازُک مرکزی فریم چُھ تیار۔
1435,تٔمۍ لیوٗکھ پنٛنِس خیالُک خُلاصہٕ دِنہٕ خٲطرٕنٛہہ۔
1436,نزدیٖک چھُ اَکھ سکول۔
1437,کپتان سٕنٛز آواز ٲس کامیاب۔
1438,کیا ژٕ ہیککھا کلیٚن کٹیٚن آب دِتھ؟
1439,اسہِ ہیژٕ گۄڈَے جادویی شو ہٕچ ٹکٹ۔
1440,تۄہہِ پزِ تتہِ واتنہٕ خٲطرٕ اکھ ذریعہ ژھانڈٗن۔
1441,سٲنۍ گاڑٕ چھُ سٲنۍ ماحول آلودٕ کرنُک ذِمہٕ دار۔
1442,تِموک چو٘ن چھٗ ہوا خراب کران۔
1443,تمس اوس اکھ خوبصورت پوشاک لٲگِتھ۔
1444,أسۍ وٲتِو گرِ تقریبا <آٮٔی ڈی 1> پیٹھ۔
1445,شینک رنگ چُھ سفید۔
1446,سکول کر تعمیرٕچ کٲم جلدی مکمل۔
1447,اسہِ گو٘ مغرِب کُن سفر۔
1448,سُہ چھُ اکھ فرانسیسی شہری یُس اٹلی منٛز کٲم چھُ کران۔
1449,أمۍ سٕنٛدۍ زنٛگہ ٲسۍ کمزور۔
1450,پروگرام یِیہِ یِنہٕ وٲلِس ہفتس منٛز مکمل کرنہٕ۔
1451,قٲتلن اوس نہٕ کانٛہہ تہِ سراغ تروومٗت۔
1452,تٔمۍ کٔر ضرورت مندن مدد کرنہٕ خٲطرٕ رضاکارانہٕ طور کٲم۔
1453,تٔمۍ اوس مےٚ کینٛہہ پونسہٕ وۄزمِس پؠٹھ دِیُتمُت۔
1454,أمۍ سٕنٛز پھسرٕ گٔیہِ گرجس منٛز تبدیل۔
1455,یہِ چُھ جانوَرن ہُنٛد اَکھ طَبقہٕ یِمن زنٛگہِ کمزور چُھ آسان۔
1456,ججن دیت أمۍ سنٛد دعوی منظور۔
1457,تس اوس سارِوٕے کھۄتہٕ بوٚڑ خوف زِ تَس گژھِ نوکری نِش۔
1458,سُہ چھُ ہسپتالس منٛز پنٛنہِ زندگی سۭتۍ لڑان۔
1459,یہِ دٔلیٖل ٲس نظمَس منٛز لیکھنہٕ آمٕژ۔
1460,تٔمۍ کوٚر پَنُن پان کامہِ منٛز لگٲوِتھ غمَس پیٹھ قابو۔
1461,مےٚ چھُنہٕ پتہ میٹنگہِ ہُنٛد مقصد کیٛاہ اوس۔
1462,اتھ المیہ پیٹھہٕ نیرنہٕ خٲطرٕ لگہ تس ؤری وادٕ۔
1463,ہیٚچھُن چھُنہٕ اَکھ آسان کٲم۔
1464,جدید دور چھُ ٹیکنالوجی ہُند اکھ دور۔
1465,سُہ گوٚو پُلیٖس کہِ ذٔریعہٕ پننؠن رِشتہٕ دارن ژھانٛڑنس منٛز کامیاب۔
1466,جانوَر چھُ عموٗمَن نارَس کھوژان۔
1467,تِہنٛز تحریر چھےٚ میانہِ کھۄتہٕ بدتر۔
1468,تِم ٲسہِ کینٛہہ دۄہ برٛونٛہہ سفرَس پیٹھ۔
1469,پرٛؠتھ کانٛہہ چُھِ پنٛنِس اچانُک طرزِ عملس ناپسند کَران۔
1470,ٹیچرن چھ اسہ پرٛیتھ أکس ڈراماہس منٛز اکھ حصہٕ تفویض کوٚرمت۔
1471,تٔمۍ چیوٚو دُپہرٕ کہِ کھینہٕ پتہٕ ترٛےٚ گُلاس آب۔
1472,امہِ خبر سۭتۍ گوٚو اسہ صدمہٕ۔
1473,تِم چھِنہٕ تِم پلو ہیٚوان یِم نایلان ریشہ سۭتۍ بنیمٕتۍ آسَن۔
1474,تمس ٲسۍ دچہِ۔
1475,مےٚ چھُ وۄنۍ شورُک عادت پیوٚمُت۔
1476,پرندٕ رود وارٕ وارٕ لڑان۔
1477,شُرۍ چھِ جسمٲنی تبدیلین منزۍ گُزران۔
1478,شامس اوس موسم واریاہ خراب۔
1479,تمہِ اوس اکھ لیدٗر پلو٘ لٲگِتھ یتھ پیٹھ سبز داغ ٲسہِ۔
1480,مےٚ پیٹھ رحمدلی ہاونہٕ خٲطرٕ روزس بہٕ ہمیشہٕ تہنٛز مشکور۔
1481,اسہِ چھُ پگاہ ٹیسٹ۔
1482,بہٕ چھس پزی أمِس واریاہ مقروض۔
1483,تس چھ درمیانم تھود۔
1484,میون تیز بو٘ڈ بو٘ڈ بو٘ڈ بو٘ڈ بو٘ڈ بو٘ڈ بو٘ڈ بو٘ڈ بو٘ڈ بو٘ڈ بو٘ڈ بو٘ڈ بو٘ڈ بو٘ڈ بو٘ڈ بو٘ڈ بو٘ڈ بو٘ڈ بو٘ڈ بو٘ڈ بو٘ڈ بو٘ڈ بو٘ڈ بو٘ڈ بو٘ڈ بو٘ڈ بو٘ڈ بو٘ڈ بو٘ڈ بو٘ڈ بو٘ڈ بو٘ڈ بو٘ڈ بو٘ڈ پو٘ڈ پوٚڈ۔
1485,ٲخٕری آیت گیو دوبارٕ۔
1486,کَتھ باتھ منٛز آو ترٛین اَہَم مسلَن پؠٹھ توجہ دِنہٕ۔
1487,أمۍ سٕنٛدس آوازس منٛز اوس تھکاوٹ۔
1488,اسہِ چھ مختلف خیال۔
1489,تٔمۍ کٔر پنٛنِس دوستس تعریف۔
1490,سۄ چھنہٕ وۄنۍ یوان۔
1491,مےٚ روو پَنُن توازُن تہٕ پیوس پَتھ کُن۔
1492,سۄ چھےٚ اَکھ نوکرٲنۍ۔
1493,مرکزی دروازُک نیم پلیٹ اوس پھٗٹمٗت۔
1494,سُہ اوس واریاہ کالَس دٔریاو بٔٹھِس پؠٹھ بِہِتھ۔
1495,بچاو کہِ اِقدامٕ پٲٹھۍ چھِ لۄکٹین شُرؠن پولیو ڈراپ دِنہٕ یِوان۔
1496,مےٚ چھُ کینٛہہ سبزی ہینہٕ خٲطرٕ بازر گژھُن۔
1497,سُہ اوس نہٕ تَتھ بدنٲمی ہُنٛد حقدار ییٚمیُک سُہ شِکار اوس گوٚمُت۔
1498,بجلی بند گژھَنہٕ سۭتۍ گوٚو یہِ علاقہٕ اَنہِ گَٹہِ۔
1499,مساج سۭتۍ گوٚو دگ کم کرنس منٛز مدد۔
1500,سُہ مود اندرمن منٛز رُکاوٹ سۭتۍ۔
1501,أسۍ ٲسۍ بورڈس پیٹھ کرکٹ میچک سکور وچھان۔
1502,تٔمۍ ہیوٚت ہانگ کانگ پؠٹھٕ اَکھ نوٚو کیمرہ۔
1503,طبی طور چھ سہ سفر کرنہٕ خٲطرٕ موزوں۔
1504,واہ، یہِ کوتاہ مُشکل چھُ!
1505,سفید کپُر پٔھلاو ٹیبلس پیٹھ۔
1506,تٔمۍ کوٚر پنن دۄدھ پیالہ أکس زیٹھس ڈرافٹس منٛز خالی۔
1507,تو٘ہہِ ہیٚکِو پننہِ سہولتہٕ مُطٲبق یِتھ۔
1508,تو٘ہہ چھوٕ نظریہ دان؟
1509,آسمان چھُ نیوٗل رنگہٕ۔
1510,مےٚ کوٚر أکس شوخ زنانہ سۭتۍ خانٛدر۔
1511,سُہ چھُ سونٛچان زِ اگر سُہ غلطی تسلیم کَرِ تیٚلہِ واتہِ تَس بٗتھ۔
1512,جانور ٲسۍ گھاسہٕ کِس میدانس کُن ژلان۔
1513,کینٛہہ بینک چھِ چھٹین پیٹھ تہِ کٲم کران۔
1514,تمۍ سٕنٛدۍ بدنیتی کٔرۍ تمۍ سنٛد عیال شرمسار۔
1515,فلمہِ منٛز چھُ تھیسپین اکھ نوٚو یِنہٕ وول۔
1516,کایناتس منز چھ اکھ کائناتی طاقت حکومت کران۔
1517,اکہ نفرٕ سنٛد نقصان چِھ بییس نفرٕ سنٛد فأئدٕ۔
1518,سہ چُھ ٹیمک کپتان نامزد کرنہٕ آمُت۔
1519,ٲخٕری قسط یی پگاہ ہاونہٕ۔
1520,اَتھ معاملَس پیٹھ پَزِ اَسہِ برٛونٛہہ کَنہِ گۄڈٕ کَتھ باتھ کَرٕنہِ۔
1521,سُہ چھ پنٕنۍ گٲڑۍ واریاہ تیزی سان چلاوان۔
1522,یہٕ نظریہٕ اوس میانِہ خٲطرٕہ مُکمل طورس پیٹھ پریشان کُن۔
1523,ٹیڈی بیئر چھ محبت کرن وٲلۍ تماشہٕ۔
1524,مےٚ پزۍ نہٕ یوتاہ شراب چیوٚن۔
1525,سُہ چھُنہٕ اَکھ پَرتشدُد نَفر۔
1526,میٲنِس خیالس منٛز اوس یہِ وقت ضایع کرُن۔
1527,سہ اوس سڑکہ پیٹھ پکنس دوران سیٹی دوان۔
1528,زیچھرِ کوہ پیمٲیی کٔرۍ أسۍ پورٕ پٲٹھۍ پریشان۔
1529,میٲنِس بٗڈببن ووٚن مےٚ اکھ دلچسپ دٔلیٖل۔
1530,تِم چھِ اکثر ہوی سوچان۔
1531,یہِ مُہِم ٲس مسلہٕ کِس بارس منٛز عوٲمی بیداری بڑاونہٕ خٲطرٕ بناونہٕ آمٕژ۔
1532,ہتھیارن ہِنٛدِس استعمالس پیٹھ گژھِ پابندی لگاونہٕ یِنہ۔
1533,تہنزٕ کتابہٕ آیہٕ صرف غأر ضروری طورس پیٹھ تباہ کرنہٕ۔
1534,یہِ چھُنہٕ پوٗرٕ پٲٹھۍ منصفانہٕ۔
1535,مخصوص منزلس تام چھنہٕ واتن ممکن۔
1536,اسلم سُنٛد مول چھُ اکھ چینڈلَر۔
1537,بہٕ گژھہٕ ریل گاڑِ مَنٛز دِلہِ۔
1538,کیا تۄہہ چھا فلکیاتس پیٹھ کانٛہہ کتاب؟
1539,معروضی رپورٹ آو نہٕ سراہنہٕ۔
1540,سُہ چُھنہٕ ذہنی طور فٹ۔
1541,تمۍ سند بیٹ اوس زمینس پیٹھ۔
1542,شُمالس منٛز چھِ ونٛد سخٕت آسان۔
1543,کمپنی چھِ اکھ نٔو پالیسی تیار کٔرمٕژ۔
1544,پوسٹ آفسَس منٛز ٲس زیٹھ لٲنہِ۔
1545,بہٕ چھُس نہٕ پنٛنیٚن کالجن سۭتۍ ذٲتی معاملن پؠٹھ کَتھ کران۔
1546,أسۍ وٲتہ تہنٛدس مرنس پیٹھ تور۔
1547,چَلو گژھِتھ گُلوکار سٕنٛز پیشکٲری منٛز شٲمِل گژھِتھ۔
1548,فہرِستس منٛز چھِ مےٚ پُنژاہ ناو۔
1549,بہٕ چُھس ژٕ وچھتھ واریاہ خوش۔
1550,تٔمۍ چھُ موجودٕ تعلیمی نظامُک تنقیدی جٲیزٕ پیش کوٚرمُت۔
1551,فوٹو خٲطرٕ ٲس أمۍ سٕنٛز پوز بہتٔریٖن۔
1552,سہٗ چھٗ اکھ کملۍ۔
1553,چِٹھہِ آیہِ از میلَس منٛز۔
1554,أسۍ بہہ نیبرٕ تاپس منز۔
1555,مریم ہن نیہ تمۍ سٕنزِ چِٹھہ تہٕ رٹٕن زدس منز۔
1556,سُہ چھُ اکثر خاص ریسٹورینٹَن منٛز گژھان۔
1557,اتھ کھیٚنَس منٛز چھِ ضروُری وٹامن تہٕ معدنیات آسان۔
1558,أمۍ سٕنٛدس گرس منٛز چھ ژور کمرٕ تہٕ اکھ ہال۔
1559,تِمۍ سٕنٛدۍ مٲلۍ ووٚن زِ ہمیشہٕ روز بہادُر تہٕ ایماندار۔
1560,سہ اوس بس سٹاپس پیٹھ پیاران۔
1561,شٗرؠن ہُنٛد خیال تھاونہٕ خٲطرٕ شُکریہ۔
1562,بیاکھ پروگرام یِیہِ ونکیٚنس نِشر کرنہٕ۔
1563,مےٚ چھُ <آٮٔی ڈی 1> کریڈِٹ بیلنس
1564,تمہِ کوٚر اسہِ خلاف سخت حملہٕ۔
1565,شاید ہیکہٕ نہٕ بہٕ پگاہ کلاسس منٛز گژھِتھ۔
1566,آکسیجن چھ سُہ گیس یُس اسہ شاہ چھ نوان۔
1567,اَمہِ واقعہٕ سۭتۍ بدلیوو عوامٕچ رائے ہُنٛد رُجحان۔
1568,تٔمۍ کوٚر پنٛنِس نیٚچوِس خوش کرنہٕ خٲطرٕ سفرُک اِنتظام۔
1569,ترٛے چھُ اَکھ عجیب عدد۔
1570,أسۍ کٔرۍ بیم اکوٹے ویلڈ۔
1571,تٔمۍ چھُ پارکہِ منٛزَس اکھ میموسا کُل وۄپداومُت۔
1572,سۄ چھےٚ اکھ اصل لۄکُٹ کوٗر۔
1573,تم چھ ینس تیار۔
1574,یہِ چھُنہٕ اَکھ بٔڑ سودا۔
1575,حالٕے منٛز اوس اکھ پریشان کرن وول مسلہٕ بدتر گوٚمُت۔
1576,تٔمۍ کٔر منصوٗبہٕ بندی ہٕنٛز کٲم عزمَس سۭتۍ شروٗع۔
1577,اکھ عجیب اِنسان آو دروازس پیٹھ ظٲہِر کرنہٕ۔
1578,تۄہہِ پزِ نہٕ عملہِ مزید ژیر کرٕنہِ۔
1579,مےٚ چھُ صِرف اکھ چاکلیٹ یژھَان۔
1580,بہٕ ہیٚکہٕ نہٕ گاڑِ ٹاسنہٕ نِش بَچِتھ۔
1581,پہلوان اوس مُخٲلِفس اکہِ مٗقابلہٕ سۭتہِ ٹاس دِوان۔
1582,یہِ چھُ میون عزیز نیٚچُو۔
1583,باڈوس برٛونٛہہ کنہِ ٲسہِ خوبصورت پوش۔
1584,سرحدن پیٹھ چھُ فوجُک اکھ بوٚڑ ارتکاز۔
1585,بورڈ آف ڈائریکٹرزن بنوو اکھ نَو پالیسی ہُنٛد مسودٕ۔
1586,أمۍ سُنٛد دل چھ کمزور۔
1587,تِم ژایہ تسند خیمس منز۔
1588,واش مشینس چھُ اکھ گوٚب موٹر آسان۔
1589,تہند تعلق اوس باہمی اعتمادس پیٹھ مبنی۔
1590,تس چھےٚ الٹی باسان۔
1591,سُہٕ چھ مختلف زبانن ہُند علم کہِ وجہ سٕتۍ فائدٕ مند۔
1592,کوٗر چھےٚ پچر گرٕ نِوان۔
1593,تُہۍ ہیٚکِو سۄ کتاب نِتھ یۄس ٹیبلَس پؠٹھ آسہِ۔
1594,سۄ ٲس تَس استقبال کرنہٕ خٲطرٕ تتہِ۔
1595,أمس چھ زنٛگن پؠٹھ مرطوب کرنوان۔
1596,یہٕ ڈیزائن چُھ واریاہ دِلچسپ۔
1597,مےٚ وُچھ ڈھیرُن منٛز اکھ پوٚژھۍ۔
1598,أمۍ سٕنٛد کمرک نمبر چِھ نوہ۔
1599,سونامی چھُ یِوان، لہذا روزیو مہربٲنی کٔرِتھ خبردار۔
1600,کبیر چھِ فلسفیانہٕ بحثَن منٛز حصہٕ نِنس منٛز دلچسپی تھاوان۔
1601,سُہ چھُ پرٛیتھ قٕسمٕچ کِتابہٕ پسند کران۔
1602,مُلٲزم چھُ تنخاہَس منٛز اِضافُک مُطالبہٕ کَران۔
1603,میانہِ بیگک ہینڈل چھُ یَلہٕ گوٚمُت۔
1604,اتھ کپرس چھ جالہ دار بناوٹ آسان۔
1605,گرم کرنہٕ پتہٕ پُھٹ گلاس۔
1606,سہ چھ أکس اصل خانٛدانس سۭتۍ تعلق تھاوان۔
1607,مےٚ آو یقین دِہٲنی دِنہٕ زِ یِم شرط ین جلدی لاگو کرنہٕ۔
1608,بہٕ چھُس ژَے ترٛیٚیہِ بجہِ فون کران۔
1609,کتابہِ ہُنٛد پانٛژھِم باب چھُ دراصل مُصَنف سٕنٛز دلیلُک حصہٕ۔
1610,الیکٹران چھ ایٹمن منٛز لبنہٕ یِوان۔
1611,یِمن ہُنٛد تعلُق چھُ کرسٹشین انواعس سۭتۍ۔
1612,ڈاکٹرن دِژ مےٚ شۄنٛگنس منٛز مدد کرنہٕ خٲطرٕ کینٛہہ دِوا تجویز۔
1613,تیر لوگ أمِس دٔچھنہ اچھ سۭتۍ۔
1614,تِم چھِ ہونین پالتو بناونٕچ کوشش کران۔
1615,اتھ کیٹلس چھِ اکہِ نو عنصرٕچ ضرورت۔
1616,مےٚ کوٚر أمس ترٛیٚیہ لٹہ فون مگر تٔمس میول نہٕ کانٛہہ۔
1617,یہ چھ ؤریک ژورم سیزن۔
1618,بہٕ چُھس تۄہہِ حُکم دِوان ز تو٘ہہ گژھِ نہٕ۔
1619,سُہ چھُ نہٕ کانٛہہ تہِ بدی برداشت کران۔
1620,سُہ چھ اکھ کریک سپاہ۔
1621,بہٕ گژھہٕ اوڈس گٲنٛٹس بازرس منٛز۔
1622,اَسہِ پزِ مسلہٕ کہِ بُنیٲدی وجہَس سۭتۍ نَمٹن۔
1623,أزیک فٹ بال میچ چُھ فرانس بمقابلہ برازیل۔
1624,مے٘ وٗچھ انہِ گٹس منز اچانک گاش۔
1625,طٲلب علم ٲسۍ کلاس رومس کُن گژھان۔
1626,مےٚ کوٚر خانٛدرٕ چہِ تقریبہِ منٛز اکہِ اصل آرکیسٹرا ہُک لُطُف۔
1627,کیلہٕ کٔریو وارٕ وارٕ أکس تختس منٛز۔
1628,پُلیٖسَس اوس أمہِ سٕنٛز گِرِفتٲری ہُنٛد وارنٹ۔
1629,اَسہِ پزِ یہِ قدم پنُن کاروبار قٲبِلِ عمل تھاونہٕ خٲطرٕ تٗلٗن۔
1630,أمۍ سٕنٛز دٔلیٖل ٲس واریاہ تکلیف دہ۔
1631,جنازس منٛز ٲسۍ واریاہ لوکھ۔
1632,پوٗرٕ مُلک چھُ شرارتس منٛز۔
1633,حیدرآبادس منٛز واریاہن ؤرین روزنہٕ پتہٕ آو سہ دلہ تعینات کرنہٕ۔
1634,بہٕ گوس تور پیدل۔
1635,عمارت ٲس تھدین محرابن سۭتۍ شاندار باسان۔
1636,سُہ گوٚو ویسپر نمازہٕ خٲطرٕ۔
1637,زیادٕ تر سودا چُھ فونس پیٹھ لین دین یِوان کرنہٕ۔
1638,اتھ بندوقس چھ اکھ زیوٹھ بور۔
1639,تہۍ یس ونان چھو سہ چھ جزوی طور درست۔
1640,امیر تہٕ غریبَس درمیان چھُ اکھ وسیع خلیج۔
1641,سرد ہوہن کٔرۍ أمۍ سٕنٛدۍ بٗتھ تھرٕ۔
1642,کورسس خٲطرٕ چھِ پار 62۔
1643,أسۍ ہؠکو کیفیٹیریاہس منٛز چائے ہنٛد پیالہ کھیتھ۔
1644,سمندرس منٛز لہرٕ وٕچھن چھ خوشگوار۔
1645,سیٲسی جمٲژِو کوٚر انتخابہٕ برٛونٛہہ زور شور سان پنُن پروپیگنڈا شروٗع۔
1646,سُہ چھُ میون زبردست دُشمن بنیومٗت۔
1647,مےٚ چھِ پنٕنۍ سایکل ٹھیک کرنٕچ ضرورت۔
1648,سُہ پرٲنۍ مندر چھُ کلین درمیان ژور۔
1649,سُہ چھُ پننِس فرصت کِس وقتس منٛز وایلن وایان۔
1650,اَتھ علاقَس منٛز چھِ 70 فیصد کھۄتہٕ زِیٛادٕ خاندانَن نِش ٹیلی فون۔
1651,اَتھ منٛز ٲسۍ کرینٹ، کھجر تہٕ سلطان شٲمِل۔
1652,تہنٛز بُنیٲدی اہلیت چھےٚ امہِ نوکری خٲطرٕ موزوں۔
1653,تمِس پؠٹھ آو سَخٕت حملہٕ کرنہٕ تہٕ آو کلس زخم لگاونہٕ۔
1654,یہِ ٲس اکھ اچانک کاروٲیی۔
1655,کامہِ مُتعلق تُہنٛد رِویہ چُھنہٕ مُنٲسِب۔
1656,تُہۍ ہیٚکِو فونَس پؠٹھ کیک آرڈر کٔرِتھ۔
1657,یم پوش چھ خوبصورت۔
1658,مےٚ چھےٚ اکھ خۄش گھریلو زندگی۔
1659,کپرس منز لۄکُٹ نوک بنیوو بوٚڑ۔
1660,باسان چھِ زِ تہنٛز معٲشی ترقی منٛز چھِنہٕ کانٛہہ تہِ تیزی۔
1661,تٔمۍ کٔر پرٛؠتھ کٲنٛسہ برٛونٛہہ کنہ أمۍ سٕنٛز بے عزتی۔
1662,مےٚ چھ کھاہن أنٛدۍ پٔکھۍ پھرن پسند۔
1663,سُہٕ چھُ اَکھ ماڈل۔
1664,سُہ چھُ کمانڈر بننہٕ خٲطرٕ کمزور۔
1665,مریض اوس پوٗرٕ دُپہرس ودان۔
1666,تۄہہِ چھِ میچ زینٗن۔
1667,اَتھ منصوبَس منٛز چھُ اکھ مُختلِف تنخواہُک ڈھانچہٕ۔
1668,سُہ چھُ جوازُک احساس ظٲہِر کران۔
1669,تِمو کٔر پنٛنِس مٲلِس ماجہِ ہِنٛد گرٕ واپس یِنہٕ برٛونٛہہ پارٹی۔
1670,یہِ تہِ پوشاک تۄہہِ بہتٔریٖن لگہِ تٗلِیو٘۔
1671,یہِ اوس اکھ لو٘کٗٹ ذرہ مگر ٲچھ لوٚگ سیٹھاہ زخم۔
1672,سُہٕ گیہٕ جأری نیبر کُن۔
1673,سُہ چھ کاربار نفع بخش طریقہٕ چلاوان۔
1674,سٲنۍ اثاثہٕ چھِ مائع۔
1675,میانِہ خٲطرٕ چھُ سُہ اکھ حقیقی تھرا بیک۔
1676,تٔمۍ کوٚر پھُٹیمٕژ دار کُن اِشارہ۔
1677,ہمسایہ سُنٛد گَرٕ آو اکھ گرزنٕچ آواز بوزنہٕ۔
1678,سہ گوٚو سخ مایوس۔
1679,سہ چھ شمٲلی لندنس منٛز روزان۔
1680,سۄ چھےٚ عموٗمن ژیٖر یِوان۔
1681,تم چِھ یژھان أکس یلہٕ آڈیٹوریمس منٛز ڈرٛامہ پیش کرن۔
1682,کیٛاہ ژٕ ہؠکہٕ یہِ پھُٹمٕژ کرسی ٹھیک کٔرِتھ
1683,تِم ین واریاہ ممکِنہٕ طور گاڑ منٛز۔
1684,کیا تہنٛز الرجی چھےٚ بہتر گژھان؟
1685,زَنانہٕ چھےٚ مُردن ہٕنٛدِ کھۄتہٕ کم جُرِم کَران۔
1686,سہ ملک چھ تِمن تمام مُلکن حمایت کران یم غیر جانبدار چھ۔
1687,ژوٗر وو٘ر فصیلس پیٹھ۔
1688,شُرِس چھُ نو زبانہٕ ہیٚچھنہٕ خٲطرٕ اکھ بہترین صلاحیت آسان۔
1689,یہِ لڑکہٕ گوٚو نیوی منٛز شٲمِل۔
1690,زنانہٕ چھے٘ کر٘ہٗن میژ سٕتہِ خوبصوُرت بانہٕ بناوان۔
1691,سُہ چھُ اَکھ پاگل اِنسان۔
1692,فونس پیٹھ چھےٚ تہنٛز آواز پھٹان۔
1693,میون پرٛانہِ دوست اوس موسیقی ہُنٛد ماہر۔
1694,منصوبہٕ اوس اصلی بالکل مختلِف۔
1695,یہ چھُ اکھ صاف زمین۔
1696,تٔمۍ جوٗڑ بلب أکس جھکہٕمتس تارس سۭتۍ۔
1697,یِم پرِندٕ چھِ سونتَس منٛز پٲدٲیِش کران۔
1698,ڈرٛایورن کوٚڑ اچانُک دٔچھنہِ طرفہٕ۔
1699,أمۍ چھ أکس قمیضہ تل اکھ جیٚسٹ لٲگتھ۔
1700,معائنہ کار اوس واریاہ اصل۔
1701,أمۍ سٕنٛدۍ پلو ٲسۍ اکھ تیز رنٛگ۔
1702,یہِ مسلہٕ حل کرنہٕ خٲطرٕ چھُ اکھ فارمولہِ۔
1703,سُہ چُھ مضبوط ساختُک تہٕ زِیوُٹھ مس۔
1704,تَمہِ تھٲو لاش چٹایہِ پؠٹھ۔
1705,بہٕ چُھس توٚمُل کھیوان۔
1706,أمۍ سنٛد مقصد اوس تۄہہ زخمی کرن۔
1707,نارٕ سۭتۍ گوٚو مکان تباہ۔
1708,یونیورسٹی منٛز آیہِ اکھ کانفرنَس منعقد کرنہٕ۔
1709,تٔمۍ تھٲو رُکاوٹن درمیان پنٕنۍ کٲم جٲری۔
1710,سُہ چھُ اَکھ بدتمیز اِنسان۔
1711,یہ چُھ واضح ز سُہ چِھ أمس سۭتۍ نفرت کران۔
1712,پننین ٹٲٹھین ہُنٛد راونہٕ پتہٕ کوٚر تٔمۍ پنِنِس دِلس منٛز اکھ خِلا محسوس۔
1713,سُہ ووت میچس منٛز فاینلس تام۔
1714,کمپنی ہُنٛد کاروبار اوس 38 لچھِ۔
1715,بہٕ چُھُس ژے کھۄتہٕ تھوٚد۔
1716,بہٕ چھَس یژھان یہِ کٲم کَرٕنۍ۔
1717,أمۍ سٕنٛدۍ مٲلۍ ماجہ دیت أمس گنٛدنک اجازت۔
1718,تٔمۍ ہوٗر پنٕنۍ سٲری پونٛسہٕ ڈایس گیمہِ منٛز۔
1719,میون دوست چھ واریاہ خود مختار۔
1720,سۄ ٲس پنٕنۍ تمام ضرورتہٕ پورٕ کران۔
1721,سُہ چھُ اکھ مشہوٗر ٹرمپٹ کھلٲڑۍ۔
1722,مےٚ چھُ ساز موسیقی کھوتہٕ آواز ہنٛز موسیقی زیادٕ پسند۔
1723,87 وریہہ وٲنٛسہِ منٛز چھےٚ سۄ وُنہِ تہِ جوش و خروش سۭتۍ بٔرِتھ۔
1724,یہ پین چھ أمۍ سُنٛد۔
1725,یہٕ وضاحت چِھ واریہن سوالن منٛز غُأر مطلوب۔
1726,تِم ٲسۍ ہتھیارو سۭتۍ برِتھ۔
1727,بہٕ ہیٚکہٕ پَنُن خیال تھٲوِتھ۔
1728,سہٗ چھٗ اَکھ رضاکار۔
1729,ویسلس چھُ اکھ زِیوُٹھ تنہ جسم آسان یتھ لۄکٹین زنٛگُن سۭتۍ چھُ آسان۔
1730,سُہ اوس شرابہٕ چیتھ۔
